
#if defined(LV_LVGL_H_INCLUDE_SIMPLE)
#include "lvgl.h"
#elif defined(LV_LVGL_H_INCLUDE_SYSTEM)
#include <lvgl.h>
#elif defined(LV_BUILD_TEST)
#include "../lvgl.h"
#else
#include "lvgl/lvgl.h"
#endif

#ifndef LV_ATTRIBUTE_MEM_ALIGN
#define LV_ATTRIBUTE_MEM_ALIGN
#endif

#ifndef LV_ATTRIBUTE_AG_IDLE
#define LV_ATTRIBUTE_AG_IDLE
#endif

static const
LV_ATTRIBUTE_MEM_ALIGN LV_ATTRIBUTE_LARGE_CONST LV_ATTRIBUTE_AG_IDLE
uint8_t ag_idle_map[] = {

    0x47,0x49,0x46,0x38,0x39,0x61,0xf0,0x00,0xf0,0x00,0x84,0x00,0x00,0xff,0xff,0xff,
    0xfe,0xfe,0xfe,0xfd,0xfd,0xfd,0xfc,0xfc,0xfc,0xfb,0xfb,0xfb,0xf9,0xf9,0xf9,0xf2,
    0xf2,0xf2,0xee,0xee,0xee,0xeb,0xeb,0xeb,0xde,0xde,0xde,0xd0,0xd0,0xd0,0xc5,0xc5,
    0xc5,0xbe,0xbe,0xbe,0xb0,0xb0,0xb0,0x96,0x96,0x96,0x83,0x83,0x83,0x80,0x80,0x80,
    0x7d,0x7d,0x7d,0x67,0x67,0x67,0x56,0x56,0x56,0x44,0x44,0x44,0x41,0x41,0x41,0x38,
    0x38,0x38,0x2a,0x2a,0x2a,0x18,0x18,0x18,0x11,0x11,0x11,0x0b,0x0b,0x0b,0x04,0x04,
    0x04,0x03,0x03,0x03,0x02,0x02,0x02,0x01,0x01,0x01,0x00,0x00,0x00,0x21,0xff,0x0b,
    0x4e,0x45,0x54,0x53,0x43,0x41,0x50,0x45,0x32,0x2e,0x30,0x03,0x01,0x00,0x00,0x00,
    0x21,0xf9,0x04,0x08,0x0c,0x00,0x00,0x00,0x2c,0x00,0x00,0x00,0x00,0xf0,0x00,0xf0,
    0x00,0x00,0x08,0xff,0x00,0x3f,0x08,0x1c,0x48,0xb0,0xa0,0xc1,0x83,0x08,0x13,0x2a,
    0x5c,0xc8,0xb0,0xa1,0xc3,0x87,0x10,0x23,0x4a,0x9c,0x48,0xb1,0xa2,0xc5,0x8b,0x18,
    0x33,0x6a,0xdc,0xc8,0xb1,0xa3,0xc7,0x8f,0x20,0x43,0x8a,0x1c,0x49,0xb2,0xa4,0xc9,
    0x93,0x28,0x53,0xaa,0x5c,0xc9,0xb2,0xa5,0xcb,0x97,0x30,0x63,0xca,0x9c,0x49,0xb3,
    0xa6,0xcd,0x9b,0x38,0x73,0xea,0xdc,0xc9,0xb3,0xa7,0xcf,0x9f,0x40,0x83,0x0a,0x1d,
    0x4a,0xb4,0xa8,0xd1,0xa3,0x48,0x93,0x2a,0x5d,0xca,0xb4,0xa9,0xd3,0xa7,0x50,0xa3,
    0x4a,0x9d,0x4a,0xb5,0xaa,0xd5,0xab,0x58,0xb3,0x6a,0xdd,0xca,0xb5,0xab,0xd7,0xaf,
    0x60,0xc3,0x8a,0x1d,0x4b,0xb6,0xac,0xd9,0xb3,0x68,0xd3,0xaa,0x5d,0xcb,0xb6,0xad,
    0xdb,0xb7,0x70,0xe3,0xca,0x9d,0x4b,0xb7,0xae,0xdd,0xbb,0x78,0xf3,0xea,0xdd,0xcb,
    0xb7,0xaf,0xdf,0xbf,0x80,0x03,0x0b,0x1e,0x4c,0xb8,0xb0,0xe1,0xc3,0x88,0x13,0x2b,
    0x5e,0xcc,0xb8,0xb1,0xe3,0xc7,0x90,0x23,0x4b,0x9e,0x4c,0xb9,0xb2,0xe5,0xcb,0x98,
    0x33,0x6b,0xde,0xcc,0xb9,0xb3,0xe7,0xcf,0xa0,0x43,0x8b,0x1e,0x4d,0xba,0xb4,0xe9,
    0xd3,0xa8,0x53,0xab,0x5e,0xcd,0xba,0xb5,0xeb,0xd7,0xb0,0x63,0xcb,0x9e,0x4d,0xbb,
    0xb6,0xed,0xdb,0xb8,0x73,0xeb,0xde,0xcd,0xbb,0xb7,0xef,0xdf,0xc0,0x83,0x0b,0x1f,
    0x4e,0xbc,0xb8,0xf1,0xe3,0xc8,0x93,0x2b,0xc7,0xed,0xa1,0x03,0x87,0x0d,0xd0,0xa3,
    0x47,0xe7,0xe0,0x61,0x79,0x45,0xe7,0x0e,0x39,0x70,0xb0,0x0e,0xd1,0xc3,0xf6,0x0f,
    0x1c,0x2e,0x4c,0xff,0x80,0x40,0xbe,0x3c,0x79,0x09,0x16,0x34,0x08,0xec,0xd0,0x81,
    0x3b,0xc3,0xf6,0x1f,0x2e,0x40,0x50,0x40,0x00,0x80,0xfd,0xfb,0xf8,0x01,0x24,0x70,
    0x60,0x41,0xe0,0xf7,0xb9,0xde,0x49,0x27,0xe0,0x06,0x1c,0xc0,0x27,0xd5,0x76,0x1a,
    0x3c,0x50,0xc0,0x7d,0x03,0x10,0xe0,0xe0,0x83,0x0e,0x0e,0x10,0xc0,0x7d,0x0d,0x5c,
    0x00,0x5e,0x5c,0xde,0x19,0xb8,0x90,0x77,0xd5,0x3d,0xb5,0x9d,0x05,0x0a,0xd8,0x47,
    0x80,0x00,0x13,0xe6,0x97,0x9f,0x00,0x03,0x08,0x00,0xc0,0x01,0x13,0x7c,0xb0,0xc1,
    0x5b,0xff,0x65,0x50,0x81,0x04,0xe6,0x99,0x17,0x01,0x05,0x18,0x0c,0xf4,0xdf,0x52,
    0x1f,0x1e,0x00,0xc0,0x82,0x26,0x06,0x89,0x5f,0x7d,0x00,0x48,0xe0,0x62,0x5b,0x2f,
    0x6e,0x30,0x41,0x03,0x08,0x08,0x89,0x9f,0x01,0x0b,0x48,0x90,0x63,0x07,0x1d,0x26,
    0xd5,0xde,0x05,0x3e,0x0e,0xe0,0xe4,0x96,0x00,0xa0,0x58,0xe4,0x85,0x69,0x35,0xf7,
    0x01,0x05,0x0b,0xdc,0x27,0x00,0x84,0x68,0x8e,0x78,0x1f,0x02,0x46,0x7e,0xa0,0x61,
    0x51,0xcd,0x69,0x10,0xa2,0x96,0x5c,0x6e,0x29,0x80,0x00,0x06,0x58,0xf8,0xe6,0x58,
    0x62,0x42,0x60,0xdf,0x00,0x12,0xd6,0x19,0xc0,0x99,0xf6,0x35,0x90,0x81,0x9b,0x48,
    0x6d,0xf7,0x00,0x00,0x44,0xd6,0xb9,0xa5,0x96,0x0b,0x6c,0xb0,0x67,0x58,0x1e,0xbc,
    0xe8,0x00,0x00,0x80,0x3a,0x9a,0x5f,0x00,0x0b,0x2e,0x70,0xe8,0xa4,0x3f,0x5d,0x59,
    0x40,0xa0,0x9a,0x6e,0x59,0x5f,0x8b,0x2f,0x96,0xb5,0xdd,0xa5,0x05,0x94,0x58,0x2a,
    0x7e,0x9d,0x6a,0xff,0x40,0x65,0x51,0x2f,0xfa,0xd9,0xe8,0xab,0x41,0x4a,0xc8,0x00,
    0x7b,0xaa,0x7e,0x20,0xc1,0x8f,0xb8,0x06,0xb9,0xa0,0x03,0x60,0x0e,0x55,0x69,0x02,
    0x5d,0x06,0xeb,0x64,0x00,0x04,0xe8,0xc9,0xa7,0x07,0x18,0x18,0x70,0xa7,0xb2,0x26,
    0xd6,0x47,0x41,0xb1,0x40,0x89,0xea,0x2a,0xb5,0xf9,0x69,0x69,0x64,0xaa,0x61,0xad,
    0xca,0x28,0xb7,0x27,0x06,0xa0,0xc0,0x06,0x55,0x02,0xb5,0xdd,0x04,0x98,0x92,0x5b,
    0x2d,0x00,0xc4,0x82,0xfb,0x55,0x75,0x18,0x20,0x10,0xc0,0xb6,0xee,0x92,0x58,0x01,
    0xb6,0x3e,0xbd,0xb8,0xe8,0xad,0xee,0xb6,0xcb,0x00,0xa2,0x61,0xbd,0xf8,0x2b,0x9d,
    0x01,0x8b,0x08,0x2f,0xbf,0x3d,0xd5,0x3a,0x6e,0xc2,0x7f,0x02,0x30,0x30,0xa8,0x5a,
    0xad,0xca,0x2c,0xc4,0xf6,0xa9,0x98,0x00,0xba,0x42,0x39,0x0c,0xb0,0xbb,0x5a,0x4e,
    0x2c,0x56,0xa5,0x21,0xaa,0x88,0xf1,0xbd,0x06,0x4c,0x19,0x94,0xc7,0x18,0x0b,0x4c,
    0xf0,0xbc,0x1f,0x64,0xe0,0x23,0xbe,0x01,0xab,0x78,0xed,0x8e,0x0d,0x7f,0x60,0x6b,
    0xcb,0x21,0xbf,0xec,0x55,0x75,0x32,0x03,0x40,0x73,0xbe,0x00,0xec,0x8b,0x33,0x4f,
    0x2c,0x63,0xdc,0x33,0xc5,0x58,0x01,0x3d,0x73,0xcb,0xc9,0x1a,0xbd,0xb2,0xce,0x0f,
    0x43,0xbc,0x34,0xa5,0x31,0x3f,0xdd,0xb2,0x8a,0x52,0x03,0x95,0xb4,0xd5,0x12,0xfb,
    0xdc,0x95,0xd3,0x42,0x43,0xcd,0x35,0xc3,0x3b,0x7d,0x9d,0xf0,0xd5,0x60,0x91,0x3d,
    0x34,0xb9,0x67,0x1f,0x9d,0x36,0xd5,0x1f,0x93,0xcb,0x36,0xcc,0x41,0xbf,0xcd,0x6d,
    0xdc,0x53,0xef,0xff,0xac,0x74,0xd8,0x4c,0x5f,0xe5,0xb6,0xd9,0x45,0xa3,0xad,0x93,
    0xda,0x01,0xdf,0xfd,0x73,0xd6,0x65,0x6f,0x5d,0xb8,0xdc,0x87,0xd3,0xcd,0x33,0xe0,
    0x58,0xe7,0x4d,0x78,0xd7,0x3f,0x21,0x0e,0x32,0xe5,0x6d,0x33,0xae,0x37,0xb5,0x7c,
    0x7b,0x2d,0xf9,0xdf,0x22,0x77,0x6e,0xb9,0xe3,0x98,0xf7,0x3b,0x3a,0xd8,0xa5,0xe3,
    0xad,0x35,0xc6,0xa1,0x67,0xbe,0xfa,0xda,0x9c,0xbb,0xde,0x38,0xec,0x8f,0xf7,0x5d,
    0x35,0xed,0xad,0x2f,0x7e,0x3a,0xee,0xa9,0xe7,0xec,0x37,0xeb,0x62,0x73,0x35,0x38,
    0xea,0x86,0xe7,0xa4,0xb9,0xdd,0xb5,0xfb,0xfe,0x3a,0xc4,0xb1,0xab,0x3e,0x3c,0xef,
    0xc5,0x6f,0x75,0x3c,0xf0,0xc9,0xe3,0xe4,0xef,0xee,0x89,0x03,0xb0,0x40,0xf5,0x5a,
    0x5d,0x0f,0x7d,0xee,0xa2,0x1f,0xdc,0x72,0x7d,0xc4,0x42,0x9e,0x95,0xf8,0x09,0x47,
    0xdf,0x53,0x7b,0x16,0x90,0x0a,0x71,0x7d,0xdf,0x56,0xfe,0x7c,0xfb,0xe4,0xff,0x54,
    0x9d,0x06,0x4d,0x7e,0x8e,0xeb,0x84,0xfd,0x09,0x9c,0x55,0x80,0x66,0x80,0xdb,0x8d,
    0xef,0x66,0x42,0xb1,0x58,0xdd,0x94,0x45,0xa2,0x73,0xa5,0xeb,0x67,0x1e,0xd0,0x00,
    0xb2,0x4c,0x76,0xb2,0x02,0x38,0x2b,0x28,0x1f,0x6a,0x57,0xc2,0xea,0x13,0x81,0x23,
    0x89,0x65,0x3b,0x0d,0x08,0x00,0xc2,0x12,0x36,0xa1,0x04,0xa8,0xe7,0x81,0x3e,0x29,
    0x50,0x03,0x34,0x08,0xb7,0x00,0x24,0x20,0x03,0xb3,0x12,0x8b,0xc1,0xb8,0xe7,0xae,
    0xfa,0x34,0x20,0x7b,0x3a,0xa1,0x12,0x96,0xa6,0xc5,0x2d,0x4e,0x01,0xa0,0x45,0xea,
    0xdb,0xca,0x95,0xff,0x0c,0x70,0xaf,0xbf,0x01,0xb1,0x28,0xeb,0xc2,0x14,0x05,0x83,
    0x35,0x2c,0x1c,0x6e,0x05,0x84,0x34,0x04,0x9d,0x00,0x10,0xa0,0x01,0x0f,0xa0,0xb0,
    0x7c,0x11,0xc3,0x95,0x97,0xe2,0x75,0xc5,0xaf,0x50,0x29,0x7e,0xf2,0x23,0x17,0xfd,
    0x9c,0x88,0x34,0x5f,0x15,0x90,0x00,0x61,0x74,0x12,0xa1,0x16,0x16,0x43,0xb3,0x88,
    0x0b,0x48,0xcc,0x8b,0x54,0x1b,0x8d,0xf2,0x22,0x0b,0x30,0x80,0x41,0x68,0x04,0x94,
    0x1e,0x01,0xe5,0xa0,0x12,0x25,0xa0,0x45,0x73,0x2c,0x8b,0x77,0x38,0x50,0x26,0x38,
    0x2a,0x4b,0x4b,0x07,0xb8,0x80,0x98,0x94,0xf2,0x9d,0x09,0x30,0x60,0x81,0xf9,0x51,
    0x40,0x04,0x0e,0x15,0xc4,0x91,0x79,0x20,0x03,0x85,0xf4,0x9f,0x90,0x16,0x74,0x80,
    0x00,0x36,0x25,0x86,0x17,0x90,0x80,0x03,0x18,0x40,0xca,0x52,0x92,0xd2,0x01,0xe8,
    0xf9,0x4e,0x25,0xc7,0xd2,0x9e,0x0c,0xdc,0x91,0x51,0x9a,0xb4,0x0f,0xb3,0x34,0xd6,
    0x9f,0x55,0x12,0x85,0x3a,0x0f,0xe1,0x58,0x47,0x06,0x29,0x40,0x91,0xf0,0x92,0x23,
    0xf0,0x89,0x40,0x01,0xbb,0x94,0xc7,0x3d,0xee,0x11,0x8d,0xf7,0x71,0x00,0x25,0xa7,
    0xd2,0x01,0xe8,0xb0,0xe7,0x99,0xcf,0x7c,0x0e,0x2e,0x3d,0xb2,0xa3,0x02,0xa9,0xa4,
    0x52,0x04,0x99,0x66,0x46,0xc4,0x74,0x81,0x07,0x20,0xcb,0x51,0x06,0x70,0xc0,0xb5,
    0xc0,0x97,0x97,0xfd,0x55,0xa0,0x02,0x39,0x72,0x51,0x17,0x3d,0xe2,0x1d,0x81,0x68,
    0xe0,0x9c,0xe9,0x5c,0xe7,0x44,0xbe,0xa3,0x01,0x0a,0x44,0xa0,0x01,0xa6,0xcc,0xe7,
    0x03,0x26,0x90,0xff,0x4e,0x6d,0xf6,0x45,0x4c,0x11,0xf8,0x66,0x38,0x2d,0x04,0x1e,
    0x79,0x66,0xe4,0x3b,0x19,0x80,0x80,0x40,0x95,0xf9,0x01,0x83,0x46,0xa4,0x99,0x10,
    0xd1,0x8e,0x60,0xda,0x73,0xa9,0x2e,0x99,0xcc,0x00,0x10,0x48,0xa7,0x2e,0x39,0x92,
    0x21,0x17,0x49,0xe0,0x9b,0x3c,0xf4,0x54,0x20,0x31,0x12,0xa0,0x02,0x41,0x33,0x9a,
    0x04,0xea,0xa5,0x5d,0xb6,0x53,0x81,0x1f,0x99,0x4c,0x84,0xf6,0x61,0x53,0xaa,0x9c,
    0xe3,0x50,0x86,0x0c,0x72,0x20,0x14,0x08,0x11,0x2c,0x65,0xb9,0x20,0x08,0x78,0xd0,
    0x35,0x20,0x5c,0xe3,0x7d,0x2e,0x06,0x00,0x05,0x48,0x69,0x20,0x29,0xad,0x29,0x41,
    0x9c,0x03,0x2e,0x0d,0x38,0xf2,0x4f,0x4b,0xb4,0xa8,0x09,0x95,0x2a,0x9a,0xf6,0x94,
    0x69,0x84,0x43,0xa5,0x93,0x01,0x1a,0x30,0x01,0xf5,0xe8,0x28,0xa9,0x56,0x0c,0xab,
    0x15,0x99,0xba,0x51,0x0e,0x58,0xc0,0x01,0xdf,0x1c,0x54,0x90,0x26,0x64,0x80,0x43,
    0x51,0x15,0x34,0x41,0x85,0xa4,0x97,0xec,0xb3,0x9f,0x09,0x5c,0xc0,0x96,0x04,0xc1,
    0x00,0x05,0xe6,0x63,0x26,0xac,0xe2,0xe7,0x4e,0x53,0x85,0x0d,0x4b,0x5d,0xba,0x25,
    0x11,0x52,0x70,0x00,0x0a,0x70,0xc0,0x8d,0x2e,0x90,0x81,0xc6,0x3a,0xb6,0xb1,0x18,
    0x98,0x91,0x03,0x16,0x00,0x47,0x11,0x7e,0xce,0x87,0x3e,0x95,0x57,0x6b,0x28,0x0a,
    0x55,0x2e,0x9d,0x09,0xab,0x02,0x38,0x80,0x68,0x47,0x2b,0x5a,0x43,0x12,0x33,0xaa,
    0x26,0x82,0xa9,0xf7,0x60,0xf8,0xd6,0xd0,0x00,0xf4,0x9b,0x69,0x5c,0xeb,0x99,0x90,
    0xa9,0xc6,0x08,0xff,0x69,0x52,0xb5,0xe1,0x74,0x2b,0x6d,0xf6,0x27,0x01,0x9d,0x8e,
    0x28,0x96,0x42,0xbb,0x97,0x70,0x87,0x5b,0xaa,0xb9,0x22,0x20,0xa3,0x02,0x69,0x6d,
    0x69,0xbe,0xb3,0x81,0x8f,0xde,0x47,0x4d,0x50,0xc3,0x0f,0xb3,0x4a,0x54,0x80,0x07,
    0xf4,0x53,0xb9,0xa6,0x69,0xe7,0x07,0x30,0x20,0x81,0x05,0xbc,0x14,0x8d,0xc0,0x15,
    0xd4,0x67,0xef,0x63,0x54,0x82,0x6e,0x34,0x37,0xda,0x8d,0xcf,0x03,0x74,0x9a,0xb1,
    0xdf,0x32,0x90,0xb6,0x74,0x15,0x67,0xaa,0xfc,0xc9,0x1b,0x0e,0xf9,0x87,0x02,0xa3,
    0xf4,0xd1,0x73,0xc1,0x5b,0xc4,0x4d,0xdd,0x0b,0x45,0x04,0x70,0x15,0x94,0x1c,0xd0,
    0x55,0x1d,0xa9,0xf4,0x36,0x10,0x1d,0x48,0x06,0x26,0xe0,0x00,0x05,0xf8,0x75,0x50,
    0x77,0xe2,0x61,0x7e,0xf6,0x73,0x54,0x1d,0xd1,0x97,0x38,0x01,0x32,0x50,0x78,0x22,
    0x30,0x59,0xd1,0x0e,0x13,0x56,0xa2,0x55,0x40,0x03,0x20,0x40,0x01,0xaf,0x36,0x54,
    0x3b,0xd8,0xed,0x4d,0x80,0x0a,0x02,0x59,0x0b,0x9c,0xf3,0xc5,0x18,0x68,0x6c,0x35,
    0x25,0xe5,0x9e,0x84,0x34,0x87,0x40,0x35,0x95,0x66,0x8a,0x97,0x13,0x56,0xed,0xf8,
    0xb8,0x40,0x61,0xad,0xb1,0x90,0x87,0x4c,0xe4,0x22,0x1b,0xf9,0xc8,0x48,0x4e,0xb2,
    0x92,0x97,0xcc,0xe4,0x26,0x3b,0xf9,0xc9,0x50,0x8e,0xb2,0x94,0xa7,0x4c,0xe5,0x2a,
    0x5b,0xf9,0xca,0x58,0xce,0xb2,0x96,0xb7,0xcc,0xe5,0x2e,0x7b,0xf9,0xcb,0x60,0x0e,
    0xb3,0x98,0xc7,0x4c,0xe6,0x32,0x9b,0xf9,0xcc,0x68,0x4e,0xb3,0x9a,0xd7,0xcc,0xe6,
    0x36,0xbb,0xf9,0x32,0xcd,0x70,0x8e,0xb3,0x9c,0xe7,0x4c,0xe7,0x3a,0xdb,0xf9,0xce,
    0x78,0xce,0xb3,0x9e,0xf7,0xcc,0xe7,0x3e,0xfb,0xf9,0xcf,0x80,0x0e,0xb4,0xa0,0x07,
    0x4d,0xe8,0x42,0x1b,0xfa,0xd0,0x88,0x4e,0xb4,0xa2,0x17,0xcd,0xe8,0x46,0x3b,0xfa,
    0xd1,0x90,0x46,0x4a,0x40,0x00,0x00,0x21,0xf9,0x04,0x08,0x0c,0x00,0x00,0x00,0x2c,
    0x00,0x00,0x00,0x00,0xf0,0x00,0xf0,0x00,0x84,0xff,0xff,0xff,0xfe,0xfe,0xfe,0xfd,
    0xfd,0xfd,0xfc,0xfc,0xfc,0xfb,0xfb,0xfb,0xfa,0xfa,0xfa,0xf1,0xf1,0xf1,0xee,0xee,
    0xee,0xed,0xed,0xed,0xe2,0xe2,0xe2,0xcf,0xcf,0xcf,0xc3,0xc3,0xc3,0xbe,0xbe,0xbe,
    0xb6,0xb6,0xb6,0x96,0x96,0x96,0x83,0x83,0x83,0x80,0x80,0x80,0x79,0x79,0x79,0x62,
    0x62,0x62,0x50,0x50,0x50,0x42,0x42,0x42,0x40,0x40,0x40,0x36,0x36,0x36,0x2c,0x2c,
    0x2c,0x1b,0x1b,0x1b,0x11,0x11,0x11,0x0b,0x0b,0x0b,0x04,0x04,0x04,0x03,0x03,0x03,
    0x02,0x02,0x02,0x01,0x01,0x01,0x00,0x00,0x00,0x08,0xff,0x00,0x3f,0x08,0x1c,0x48,
    0xb0,0xa0,0xc1,0x83,0x08,0x13,0x2a,0x5c,0xc8,0xb0,0xa1,0xc3,0x87,0x10,0x23,0x4a,
    0x9c,0x48,0xb1,0xa2,0xc5,0x8b,0x18,0x33,0x6a,0xdc,0xc8,0xb1,0xa3,0xc7,0x8f,0x20,
    0x43,0x8a,0x1c,0x49,0xb2,0xa4,0xc9,0x93,0x28,0x53,0xaa,0x5c,0xc9,0xb2,0xa5,0xcb,
    0x97,0x30,0x63,0xca,0x9c,0x49,0xb3,0xa6,0xcd,0x9b,0x38,0x73,0xea,0xdc,0xc9,0xb3,
    0xa7,0xcf,0x9f,0x40,0x83,0x0a,0x1d,0x4a,0xb4,0xa8,0xd1,0xa3,0x48,0x93,0x2a,0x5d,
    0xca,0xb4,0xa9,0xd3,0xa7,0x50,0xa3,0x4a,0x9d,0x4a,0xb5,0xaa,0xd5,0xab,0x58,0xb3,
    0x6a,0xdd,0xca,0xb5,0xab,0xd7,0xaf,0x60,0xc3,0x8a,0x1d,0x4b,0xb6,0xac,0xd9,0xb3,
    0x68,0xd3,0xaa,0x5d,0xcb,0xb6,0xad,0xdb,0xb7,0x70,0xe3,0xca,0x9d,0x4b,0xb7,0xae,
    0xdd,0xbb,0x78,0xf3,0xea,0xdd,0xcb,0xb7,0xaf,0xdf,0xbf,0x80,0x03,0x0b,0x1e,0x4c,
    0xb8,0xb0,0xe1,0xc3,0x88,0x13,0x2b,0x5e,0xcc,0xb8,0xb1,0xe3,0xc7,0x90,0x23,0x4b,
    0x9e,0x4c,0xb9,0xb2,0xe5,0xcb,0x98,0x33,0x6b,0xde,0xcc,0xb9,0xb3,0xe7,0xcf,0xa0,
    0x43,0x8b,0x1e,0x4d,0xba,0xb4,0xe9,0xd3,0xa8,0x53,0xab,0x5e,0xcd,0xba,0xb5,0xeb,
    0xd7,0xb0,0x63,0xcb,0x9e,0x4d,0xbb,0xb6,0xed,0xdb,0xb8,0x73,0xeb,0xde,0xcd,0xbb,
    0xb7,0xef,0xdf,0xc0,0x83,0x0b,0x1f,0x4e,0xbc,0xb8,0xf1,0xe3,0xc8,0x93,0x2b,0xc7,
    0xed,0x81,0xc3,0x86,0xe7,0xd0,0xa1,0x73,0xe8,0xb0,0xbc,0x62,0x73,0xea,0x0c,0x9b,
    0x7b,0xa8,0x0e,0x91,0xc3,0xc0,0x0c,0x15,0x22,0x40,0xff,0x18,0x4f,0x1e,0x42,0x04,
    0x0a,0x18,0x06,0x7a,0xe7,0xce,0x70,0xc3,0x87,0x0d,0x13,0x1a,0x20,0x00,0x40,0xbf,
    0xbe,0x7d,0x00,0x06,0x16,0x48,0x48,0xdf,0x61,0xfb,0x5c,0x0f,0x1d,0x38,0x17,0xdd,
    0x80,0x1c,0xf8,0x17,0x15,0x80,0x1f,0x50,0xb0,0x40,0x7d,0x02,0x10,0xe0,0xe0,0x83,
    0x0f,0x0a,0x50,0x5f,0x02,0x12,0x08,0x84,0xdd,0x5b,0x01,0x3e,0xc4,0xc1,0x7a,0x4e,
    0x21,0x08,0x01,0x7d,0x03,0x0c,0x10,0xc0,0x7d,0x24,0x06,0xd0,0x20,0x7d,0x0d,0x64,
    0xf0,0xc1,0x85,0x6b,0x35,0x27,0x10,0x07,0x17,0x4c,0x50,0xde,0x8c,0x12,0x58,0xa0,
    0x81,0x85,0x2c,0x26,0xe5,0x81,0x7b,0x0e,0x00,0x10,0x22,0x89,0x40,0xda,0x17,0x40,
    0x01,0x00,0x28,0xa0,0x62,0x8e,0x67,0x61,0x77,0x01,0x04,0x0a,0x10,0x10,0xa4,0x7d,
    0x09,0x38,0x60,0xc1,0x8b,0x4c,0x79,0xd7,0x63,0x01,0x23,0x3e,0xa9,0x25,0x91,0x0a,
    0x68,0xd0,0x9f,0x5a,0xde,0x69,0xf0,0x00,0x91,0x20,0x42,0x68,0xa6,0x88,0xf5,0x35,
    0x70,0xc1,0x07,0x1c,0x1e,0xe5,0x9d,0x04,0x00,0x90,0xa9,0xe5,0x9c,0x44,0x3a,0xc0,
    0x66,0x5a,0xde,0x5d,0xa0,0x00,0x7d,0x04,0x08,0x90,0xa5,0x96,0x02,0x0c,0x20,0x21,
    0x02,0x13,0xbc,0x87,0x94,0x07,0x1e,0x60,0x60,0x80,0x00,0x12,0xce,0xe9,0xa8,0x93,
    0x14,0xdc,0x69,0x96,0x77,0x16,0x1c,0x10,0xa7,0xa3,0x40,0x3a,0x09,0x40,0x85,0xee,
    0x19,0x65,0x25,0x00,0x9a,0x62,0x0a,0x68,0x00,0x0a,0x6c,0x60,0xe0,0x58,0xd4,0x5d,
    0x60,0xe9,0x00,0xa2,0x02,0x19,0xe8,0xa6,0x92,0x0e,0xff,0xb5,0x5d,0x06,0x08,0x04,
    0xf0,0x67,0xab,0x41,0xfa,0x19,0x69,0x9b,0x60,0x01,0xa8,0xc1,0x9e,0xac,0xe2,0x4a,
    0x22,0xa3,0x06,0xac,0x89,0xa4,0x4f,0xee,0xc1,0x19,0xac,0xb0,0x41,0x3a,0x69,0x27,
    0xaf,0x5f,0x79,0xf7,0x00,0xa8,0xcc,0x02,0xc9,0xea,0x02,0x1b,0x1c,0xdb,0x93,0x95,
    0x01,0x84,0x5a,0xed,0x7d,0x12,0x26,0x60,0x2a,0xaa,0x1f,0x60,0x50,0x00,0x9a,0xdf,
    0xde,0xe7,0x64,0xa1,0x9d,0x06,0xb5,0xe3,0x9e,0x8d,0xa6,0x2b,0x64,0x00,0x06,0xf0,
    0x27,0x96,0x7b,0x1f,0x7a,0x2b,0xaf,0x8f,0x01,0x30,0xd0,0x81,0xb6,0x3a,0xcd,0x6a,
    0xe9,0xad,0xfb,0x02,0x20,0xe1,0xae,0x62,0xed,0x98,0x80,0xc1,0x05,0x0b,0x49,0x80,
    0xb1,0xee,0x7e,0x90,0xc1,0xc0,0x0d,0x33,0x08,0x00,0xc2,0x60,0xa5,0x8a,0x65,0xc5,
    0xf5,0xb1,0xca,0x69,0xc4,0x13,0x03,0x40,0xf0,0xbe,0x07,0xc7,0xea,0x95,0x77,0x13,
    0xf8,0xc8,0x31,0x9f,0x00,0xd8,0xd9,0xae,0x4f,0x02,0x8b,0xbc,0x72,0xc9,0xd0,0x6e,
    0xe5,0xde,0xb4,0xfa,0x16,0xcc,0x2a,0x03,0x2b,0x82,0x4c,0x31,0xc7,0x34,0x87,0x85,
    0x2f,0xb5,0x2b,0xef,0xdc,0x33,0x50,0x31,0x8f,0x2c,0x6f,0xd0,0x60,0x0d,0x9d,0xf3,
    0xbe,0x46,0x03,0x8c,0x53,0xd2,0x33,0x5f,0x6c,0x72,0x57,0x4e,0xaf,0xac,0x32,0xcf,
    0x52,0xdf,0x44,0x35,0xd0,0x56,0xd7,0xac,0x55,0xd6,0x45,0x03,0xc0,0xb5,0xcf,0x32,
    0x83,0x8d,0xf1,0x57,0x64,0x73,0x1c,0x35,0xda,0x4a,0xa7,0xcb,0x34,0xdb,0x1f,0xe4,
    0xab,0xf5,0xdb,0x48,0x4b,0xfc,0x73,0xc5,0x73,0x7b,0xff,0xd5,0x76,0xc5,0x78,0xff,
    0xf4,0x35,0xdf,0x61,0x0b,0x5d,0x37,0xd1,0x6e,0x9b,0x7d,0xb4,0xe0,0x7a,0xa7,0x4d,
    0xf8,0xda,0x7e,0x1f,0xfe,0xb4,0xbc,0x81,0xc3,0xdc,0x78,0xdc,0xdf,0xf6,0x8d,0xb5,
    0xe4,0x77,0x2b,0xde,0xb5,0x4d,0x83,0x37,0xac,0x39,0x57,0x7f,0x37,0x5c,0x79,0x4f,
    0xa1,0x17,0x3c,0xba,0xcd,0x9c,0x97,0x7d,0x76,0xde,0x21,0x63,0x5e,0xed,0xea,0x63,
    0xb7,0x9e,0xf8,0xeb,0x8c,0xc7,0x5e,0x35,0xe4,0x9b,0xdb,0xed,0xfa,0xe2,0x96,0xeb,
    0xae,0xf6,0xd5,0xa4,0xdb,0x0e,0xb8,0xe7,0x70,0xef,0x4e,0x3c,0xeb,0xbe,0xdf,0x0e,
    0x3c,0xea,0x12,0xcf,0x27,0x3b,0xb3,0x12,0x56,0xb0,0x7c,0xed,0xcd,0x1f,0x8f,0x7b,
    0xf0,0x06,0x38,0x2e,0x7a,0xe1,0x4d,0x1b,0x6f,0x3a,0xf2,0x48,0x7b,0xa0,0xc1,0xc2,
    0xf1,0x36,0x3c,0x24,0xc4,0xe1,0x67,0x3f,0xfe,0xf6,0x3e,0x79,0xd7,0x40,0x00,0xcb,
    0x16,0x3c,0x62,0x02,0x37,0x9e,0xda,0x3b,0xe2,0xda,0x3f,0xdf,0x93,0x7b,0x11,0xe0,
    0xdf,0xbe,0x9c,0xd4,0x80,0xeb,0xd5,0x0e,0x67,0x9d,0x5b,0x80,0xff,0x78,0x92,0x2a,
    0x03,0xd8,0xea,0x78,0x15,0x12,0x5b,0xed,0x94,0xa5,0x35,0x67,0x19,0x50,0x27,0xf2,
    0x13,0x60,0xe6,0x04,0x80,0x00,0x0d,0x20,0x4a,0x2c,0xa9,0x42,0x17,0xc7,0x9c,0xf4,
    0x31,0xa1,0xf4,0xc7,0x02,0x21,0x9a,0x1e,0xa6,0x48,0x78,0xc1,0xac,0x6c,0xe7,0x7c,
    0xde,0xb3,0x1f,0x00,0xa6,0xf4,0x39,0x9c,0x7c,0x4a,0x4e,0xdf,0xba,0x56,0xb6,0xf4,
    0x17,0xad,0x0f,0x38,0xa0,0x5b,0x40,0x23,0xd5,0xb8,0xff,0x88,0xd2,0x1c,0x0e,0x2c,
    0x08,0x87,0xc2,0x62,0xd5,0x01,0x30,0x80,0x20,0xb2,0x50,0x4a,0x65,0x15,0x73,0x52,
    0x04,0x0c,0x55,0x14,0x44,0x65,0x60,0x4f,0x1b,0x13,0x16,0x91,0x0e,0x40,0xc3,0xb3,
    0x4c,0xa7,0x01,0x50,0x24,0x59,0x00,0x12,0x90,0x81,0x2f,0x19,0x85,0x3a,0x19,0x00,
    0x23,0xa8,0x54,0x28,0xb2,0x3e,0x01,0x20,0x01,0x53,0x92,0xe0,0x57,0xfa,0x83,0x81,
    0x03,0x30,0x6a,0x5f,0x43,0x02,0x40,0xa1,0xe4,0xf8,0x13,0xec,0x44,0xa0,0x7b,0x06,
    0x23,0x40,0x88,0x06,0x49,0x48,0x41,0xd6,0xc7,0x01,0x2a,0xe2,0x63,0x0f,0x53,0x26,
    0x28,0x79,0xd5,0xa9,0x85,0x48,0x4b,0xd5,0x03,0x16,0xe6,0x28,0x03,0x38,0x20,0x52,
    0x0b,0x2c,0x4b,0xb2,0x40,0x34,0x3b,0x56,0xb9,0x8c,0x87,0x6e,0x12,0x88,0x06,0x28,
    0x10,0x81,0x06,0x30,0xe0,0x94,0xa8,0x64,0x40,0x03,0x1e,0x30,0x81,0xf4,0xb0,0x09,
    0x94,0x67,0x49,0x56,0xf7,0x04,0xc9,0xc6,0x40,0xd2,0xc7,0x4e,0x66,0x6c,0x4a,0x07,
    0x5e,0xb6,0x90,0x0d,0x7d,0x24,0x40,0x05,0x72,0x09,0x30,0x61,0x49,0x11,0xf7,0x58,
    0x80,0x01,0x1d,0x13,0x24,0x21,0x0b,0x49,0x80,0x2c,0x25,0xa0,0x50,0xb9,0x7c,0x4a,
    0x73,0x36,0x30,0x9d,0x7f,0x59,0x33,0x40,0xd4,0xac,0xa1,0x44,0xa2,0xa9,0xc8,0x8f,
    0x04,0x53,0x3d,0x1c,0x59,0x8f,0x04,0x1a,0x30,0x39,0x12,0x29,0x20,0x02,0x89,0x0c,
    0x8c,0x92,0x2a,0x60,0x01,0xea,0xb8,0xc8,0x24,0x19,0xfa,0xc0,0x05,0xd8,0x49,0x1d,
    0x6d,0x3a,0xc4,0x8c,0x17,0x90,0x80,0x03,0x52,0xc9,0xff,0x4f,0x07,0x44,0xc0,0x02,
    0xeb,0xe9,0x26,0x5d,0xa8,0x73,0x4c,0x32,0x29,0xa0,0x42,0x2b,0xb2,0x27,0x45,0xde,
    0x49,0x01,0x72,0xd2,0x47,0x01,0xd0,0xec,0xc8,0x37,0x1d,0x32,0xc4,0xbf,0xf4,0x47,
    0x55,0xf4,0xf1,0x13,0x7d,0x18,0x80,0xc9,0xe9,0x10,0xb3,0x22,0xbb,0x14,0xc8,0x05,
    0x7a,0x94,0xd1,0x2c,0x55,0x48,0xa1,0xf7,0x7c,0xce,0x35,0x57,0xea,0x9c,0x89,0x02,
    0xa6,0x3f,0x47,0x64,0x50,0xb0,0xd4,0xa4,0x1e,0x94,0x22,0x64,0x97,0xfe,0xc1,0x80,
    0x03,0x88,0x44,0xbf,0xfa,0x34,0xd3,0x00,0x19,0xf8,0xa0,0x6b,0x34,0x96,0x3e,0x10,
    0x49,0xa8,0x00,0x52,0xea,0xd4,0x8e,0xa2,0xd9,0x10,0x00,0x55,0x74,0x49,0xf3,0x09,
    0x63,0xc7,0x60,0xc5,0x4b,0xd5,0x78,0x87,0x02,0x0c,0xb3,0x56,0x7d,0x14,0x00,0x81,
    0x35,0xa9,0xe7,0x39,0x05,0x42,0x94,0x58,0xc5,0xba,0x21,0x6a,0x12,0xe4,0x02,0x11,
    0x58,0x40,0xb0,0x44,0x68,0x9f,0x3e,0x3d,0x80,0x8a,0xad,0x21,0xea,0x93,0xe8,0x97,
    0xa5,0x01,0x2c,0xe0,0x9f,0x02,0x1d,0x88,0x06,0x2c,0x90,0xd6,0x65,0xb1,0xf5,0x3e,
    0x1e,0x83,0x6b,0x5c,0x3d,0x10,0x53,0x40,0xd5,0x4f,0x01,0x0e,0x78,0x80,0x04,0x2a,
    0x90,0x81,0xc6,0x3a,0xd6,0xb1,0x16,0x98,0xc0,0x03,0x1a,0x40,0x49,0x3e,0xfd,0x55,
    0x5d,0xf4,0x0a,0xea,0x47,0x4d,0x73,0x51,0x4b,0xf1,0x4b,0x4b,0xf4,0x6b,0xe6,0x7d,
    0x0c,0x70,0x80,0xd2,0x9a,0xb6,0xb4,0xf7,0xe9,0xd6,0x65,0x01,0xdb,0xa8,0x93,0xca,
    0x86,0xa0,0x0e,0x95,0xea,0x93,0x1a,0x24,0xc8,0xa2,0xff,0x0a,0x69,0x00,0xb5,0xc5,
    0xd4,0x1d,0x8b,0x14,0xd1,0xd9,0x28,0x69,0xa7,0x06,0x5b,0x6d,0x90,0x6c,0x45,0xdc,
    0xe2,0xb6,0x8a,0x7e,0x33,0xa5,0x80,0x77,0x6c,0x4a,0x1a,0x7c,0xaa,0xd1,0x47,0xc2,
    0x55,0x1f,0x6e,0xeb,0xb3,0x00,0x4c,0x42,0x32,0xae,0xeb,0xa9,0x80,0x03,0x2a,0x9b,
    0x5b,0xbe,0x4d,0x97,0x3e,0x96,0x9c,0x80,0x7b,0x02,0xb4,0xd9,0xd8,0xfc,0x4b,0x94,
    0xe3,0x04,0x64,0x20,0x1b,0xc9,0xac,0xd0,0xc6,0xcb,0xae,0x11,0x70,0xe5,0x75,0x69,
    0xe3,0x4b,0x81,0x60,0xa0,0x94,0x95,0x5d,0xaf,0x9f,0x1e,0x98,0x5a,0x5b,0xe1,0xd6,
    0x5b,0x09,0x68,0x40,0x04,0xbc,0xba,0x22,0x97,0x02,0xe7,0x3a,0x7a,0x25,0x25,0x65,
    0x5d,0xc5,0xa8,0xdd,0x8e,0x76,0x01,0x10,0xa0,0xc0,0x8d,0x04,0xb2,0xa3,0xf2,0xfa,
    0x66,0x97,0x2c,0xd2,0x80,0x64,0x29,0x5b,0x5a,0xdb,0x96,0x16,0x01,0x0c,0xf0,0xa7,
    0x7c,0x57,0x94,0x2d,0xf6,0x50,0xb8,0xa5,0x04,0xd1,0x40,0x63,0x2f,0x40,0x81,0x16,
    0xb7,0xd8,0x02,0x8e,0x25,0xc8,0x8e,0x0c,0x6c,0xe2,0x81,0x4c,0xb3,0x86,0xbb,0x2c,
    0x71,0x8d,0x1d,0x22,0x56,0x60,0x6e,0xc8,0xa3,0x42,0xdd,0xb1,0x90,0x87,0x4c,0xe4,
    0x22,0x1b,0xf9,0xc8,0x48,0x4e,0xb2,0x92,0x97,0xcc,0xe4,0x26,0x3b,0xf9,0xc9,0x50,
    0x8e,0xb2,0x94,0xa7,0x4c,0xe5,0x2a,0x5b,0xf9,0xca,0x58,0xce,0xb2,0x96,0xb7,0xcc,
    0xe5,0x2e,0x7b,0xf9,0xcb,0x60,0x0e,0xb3,0x98,0xc7,0x4c,0xe6,0x32,0x9b,0xf9,0xcc,
    0x68,0x4e,0xb3,0x9a,0xd7,0xcc,0xe6,0x36,0xbb,0xf9,0x30,0xcd,0x70,0x8e,0xb3,0x9c,
    0xe7,0x4c,0xe7,0x3a,0xdb,0xf9,0xce,0x78,0xce,0xb3,0x9e,0xf7,0xcc,0xe7,0x3e,0xfb,
    0xf9,0xcf,0x80,0x0e,0xb4,0xa0,0x07,0x4d,0xe8,0x42,0x1b,0xfa,0xd0,0x88,0x4e,0xb4,
    0xa2,0x17,0xcd,0xe8,0x46,0x3b,0xfa,0xd1,0xc7,0x09,0x08,0x00,0x21,0xf9,0x04,0x08,
    0x0f,0x00,0x00,0x00,0x2c,0x00,0x00,0x00,0x00,0xf0,0x00,0xf0,0x00,0x84,0xff,0xff,
    0xff,0xfe,0xfe,0xfe,0xfd,0xfd,0xfd,0xfc,0xfc,0xfc,0xfb,0xfb,0xfb,0xfa,0xfa,0xfa,
    0xf1,0xf1,0xf1,0xee,0xee,0xee,0xed,0xed,0xed,0xe2,0xe2,0xe2,0xce,0xce,0xce,0xc2,
    0xc2,0xc2,0xbe,0xbe,0xbe,0xb6,0xb6,0xb6,0x97,0x97,0x97,0x83,0x83,0x83,0x80,0x80,
    0x80,0x76,0x76,0x76,0x60,0x60,0x60,0x4f,0x4f,0x4f,0x42,0x42,0x42,0x40,0x40,0x40,
    0x35,0x35,0x35,0x2c,0x2c,0x2c,0x1a,0x1a,0x1a,0x11,0x11,0x11,0x0b,0x0b,0x0b,0x04,
    0x04,0x04,0x03,0x03,0x03,0x02,0x02,0x02,0x01,0x01,0x01,0x00,0x00,0x00,0x08,0xff,
    0x00,0x3f,0x08,0x1c,0x48,0xb0,0xa0,0xc1,0x83,0x08,0x13,0x2a,0x5c,0xc8,0xb0,0xa1,
    0xc3,0x87,0x10,0x23,0x4a,0x9c,0x48,0xb1,0xa2,0xc5,0x8b,0x18,0x33,0x6a,0xdc,0xc8,
    0xb1,0xa3,0xc7,0x8f,0x20,0x43,0x8a,0x1c,0x49,0xb2,0xa4,0xc9,0x93,0x28,0x53,0xaa,
    0x5c,0xc9,0xb2,0xa5,0xcb,0x97,0x30,0x63,0xca,0x9c,0x49,0xb3,0xa6,0xcd,0x9b,0x38,
    0x73,0xea,0xdc,0xc9,0xb3,0xa7,0xcf,0x9f,0x40,0x83,0x0a,0x1d,0x4a,0xb4,0xa8,0xd1,
    0xa3,0x48,0x93,0x2a,0x5d,0xca,0xb4,0xa9,0xd3,0xa7,0x50,0xa3,0x4a,0x9d,0x4a,0xb5,
    0xaa,0xd5,0xab,0x58,0xb3,0x6a,0xdd,0xca,0xb5,0xab,0xd7,0xaf,0x60,0xc3,0x8a,0x1d,
    0x4b,0xb6,0xac,0xd9,0xb3,0x68,0xd3,0xaa,0x5d,0xcb,0xb6,0xad,0xdb,0xb7,0x70,0xe3,
    0xca,0x9d,0x4b,0xb7,0xae,0xdd,0xbb,0x78,0xf3,0xea,0xdd,0xcb,0xb7,0xaf,0xdf,0xbf,
    0x80,0x03,0x0b,0x1e,0x4c,0xb8,0xb0,0xe1,0xc3,0x88,0x13,0x2b,0x5e,0xcc,0xb8,0xb1,
    0xe3,0xc7,0x90,0x23,0x4b,0x9e,0x4c,0xb9,0xb2,0xe5,0xcb,0x98,0x33,0x6b,0xde,0xcc,
    0xb9,0xb3,0xe7,0xcf,0xa0,0x43,0x8b,0x1e,0x4d,0xba,0xb4,0xe9,0xd3,0xa8,0x53,0xab,
    0x5e,0xcd,0xba,0xb5,0xeb,0xd7,0xb0,0x63,0xcb,0x9e,0x4d,0xbb,0xb6,0xed,0xdb,0xb8,
    0x73,0xeb,0xde,0xcd,0xbb,0xb7,0xef,0xdf,0xc0,0x83,0x0b,0x1f,0x4e,0xbc,0xb8,0xf1,
    0xe3,0xc8,0x93,0x2b,0xbf,0xed,0x81,0xc3,0x86,0xe7,0xd0,0xa1,0x73,0xe8,0xb0,0xbc,
    0x62,0x73,0xea,0x0c,0x9b,0x7b,0xa8,0x0e,0x91,0xc3,0xc0,0x0c,0x15,0x22,0x40,0xff,
    0x18,0x4f,0x1e,0x42,0x04,0x0a,0x18,0x06,0x7a,0xe7,0xce,0x70,0xc3,0x87,0x0d,0x13,
    0x1a,0x20,0x00,0x40,0xbf,0xbe,0x7d,0x00,0x06,0x16,0x48,0x48,0xdf,0x61,0xfb,0x5c,
    0x0f,0x1d,0x38,0x17,0xdd,0x80,0x1c,0xf8,0x17,0x15,0x80,0x1f,0x50,0xa0,0x40,0x7d,
    0x02,0x10,0xe0,0xe0,0x83,0x0f,0x0a,0x50,0x5f,0x02,0x12,0x08,0x84,0xdd,0x5b,0x01,
    0x3e,0xc4,0xc1,0x7a,0x4e,0x21,0x08,0x01,0x7d,0x03,0x0c,0x10,0xc0,0x7d,0x24,0x06,
    0xd0,0x20,0x7d,0x0d,0x64,0xf0,0xc1,0x85,0x6b,0x35,0x27,0x10,0x07,0x17,0x4c,0x50,
    0xde,0x8c,0x12,0x58,0xa0,0x81,0x85,0x2c,0x26,0xe5,0x81,0x7b,0x0e,0x00,0x10,0x22,
    0x89,0x40,0xda,0x17,0x40,0x01,0x00,0x28,0xa0,0x62,0x8e,0x67,0x61,0x77,0x01,0x04,
    0x0a,0x10,0x10,0xa4,0x7d,0x09,0x38,0x60,0xc1,0x8b,0x4c,0x79,0xd7,0x63,0x01,0x23,
    0x3e,0xa9,0x25,0x91,0x0a,0x68,0xd0,0x9f,0x5a,0xde,0x69,0xf0,0x00,0x91,0x20,0x42,
    0x68,0xa6,0x88,0xf5,0x35,0x70,0xc1,0x07,0x1c,0x1e,0xe5,0x9d,0x04,0x00,0x90,0xa9,
    0xe5,0x9c,0x44,0x3a,0xc0,0x66,0x5a,0xde,0x59,0xb0,0x20,0x00,0x04,0x08,0x90,0xa5,
    0x96,0x02,0x0c,0x20,0x21,0x02,0x13,0xbc,0x87,0x94,0x07,0x1e,0x60,0x60,0x80,0x00,
    0x12,0xce,0xe9,0xa8,0x93,0x14,0xdc,0x69,0x56,0x9e,0x07,0xc4,0xe9,0x28,0x90,0x4e,
    0x02,0x50,0xa1,0x7b,0x46,0x59,0xc9,0xe7,0xa5,0x8e,0xfa,0xa9,0xc0,0x06,0x06,0x8e,
    0x45,0xdd,0x05,0x95,0x0e,0x00,0x2a,0x90,0x81,0x6a,0x2a,0xe9,0x50,0xdb,0x65,0xff,
    0x80,0x40,0x00,0x7f,0xae,0x1a,0xa4,0x9f,0x91,0xb6,0x09,0x16,0x80,0x1a,0x2c,0xa8,
    0xaa,0xad,0x24,0x32,0x6a,0xc0,0x9a,0x48,0xfa,0xe4,0x1e,0x9c,0xbf,0x02,0x1b,0xa4,
    0x93,0x76,0xea,0xfa,0x95,0x77,0x0f,0x7c,0xaa,0x2c,0x89,0xaa,0x2e,0xb0,0x41,0xb1,
    0x3d,0x59,0x19,0x40,0xa6,0xd3,0x06,0x0b,0x40,0x02,0xa4,0x9a,0xfa,0x01,0x06,0x05,
    0xa0,0xd9,0xed,0x7d,0x4e,0x6e,0x0a,0xeb,0x06,0x0b,0x36,0x7a,0xae,0x90,0x01,0x18,
    0xc0,0x9f,0x58,0xee,0x7d,0xc8,0xed,0xbb,0x20,0x06,0xc0,0x40,0x07,0xd8,0xea,0x14,
    0x6b,0xa5,0xb5,0xe2,0x0b,0x80,0x84,0xb9,0x8a,0xb5,0x63,0x02,0x03,0x0b,0x2c,0x24,
    0x01,0xc4,0x06,0xf5,0x2f,0x00,0x01,0xe3,0x4b,0xf0,0xab,0x5e,0x9d,0x8a,0xa5,0xc2,
    0xf6,0xa9,0xaa,0x2e,0x50,0x0f,0x47,0xfc,0xee,0xc4,0xce,0x6e,0xe5,0xdd,0x04,0x3e,
    0x62,0x5c,0x1f,0xb3,0x86,0x72,0xfc,0x41,0x06,0x00,0x9b,0x9c,0x70,0xc1,0x60,0xb9,
    0x17,0xed,0xbd,0x0a,0x57,0xbb,0xa2,0xc3,0x2b,0xb7,0x6c,0x32,0xc8,0x61,0xd5,0x2b,
    0xad,0xc9,0xaa,0x32,0x70,0xb3,0xca,0x2c,0x43,0xec,0x32,0xcf,0x31,0x7f,0x60,0xaf,
    0xcb,0x25,0x0b,0xdd,0x2f,0x4e,0x1d,0x1f,0x0d,0x00,0xcc,0x5f,0xf9,0x4c,0xb3,0xc0,
    0x41,0x0f,0xfd,0x53,0xd4,0x3b,0x4f,0x4d,0x71,0x57,0x56,0x33,0x9d,0xf5,0xd3,0x37,
    0x71,0x8d,0x31,0xd2,0x55,0x2b,0xfd,0x33,0xc6,0x63,0xe3,0x5c,0xb4,0xc7,0xe7,0xa2,
    0xed,0x55,0xd8,0x2e,0xb7,0x4d,0xb4,0xce,0x67,0x7b,0x1d,0xb2,0x56,0x74,0x03,0xff,
    0x0d,0x80,0xd3,0x6e,0xe3,0xad,0xb0,0xdc,0x60,0xab,0x7d,0x35,0xbe,0x76,0x6f,0x9d,
    0xb3,0xd1,0x5d,0x53,0x3d,0xb7,0xe1,0x62,0xff,0xad,0xb5,0x4f,0x66,0x0f,0xae,0x77,
    0xcf,0x90,0xd7,0x2d,0x39,0xd9,0x36,0x55,0x2e,0x30,0xe1,0x5c,0xf5,0xcd,0xf6,0xe6,
    0x81,0x33,0x9e,0xb7,0xe3,0x85,0x2f,0xad,0x39,0xe0,0x77,0x9b,0x6e,0x39,0xea,0xa1,
    0x67,0xee,0x37,0xeb,0x8a,0xbf,0x2d,0x35,0xec,0x5b,0x89,0x5e,0x33,0xe9,0xad,0xc3,
    0xdd,0x2d,0xe8,0xb9,0xcb,0x3e,0x3a,0xed,0x94,0x2f,0xee,0xfb,0xb4,0xc0,0xf3,0x2d,
    0xfc,0xee,0xc4,0xf7,0x14,0xeb,0x7c,0xc7,0x2b,0x2b,0x61,0x05,0x5f,0xc7,0xae,0xfa,
    0xec,0x93,0x3b,0xbf,0xb2,0x01,0xae,0x7f,0x7e,0x79,0xd2,0xd7,0x0f,0x9f,0x3d,0x4f,
    0x88,0x6a,0x80,0xb0,0xbb,0x0a,0x0f,0xd9,0x30,0xf8,0x6b,0x33,0x3f,0x3e,0x4f,0xde,
    0x35,0x10,0x40,0xb2,0x02,0x8f,0x98,0xc0,0x8d,0xa5,0xa6,0xde,0x3e,0xd6,0xbc,0x03,
    0xe5,0x5e,0x04,0xfb,0x3b,0x97,0x93,0x1a,0x50,0xbd,0xd8,0xcd,0x2c,0x72,0x0b,0x78,
    0xdf,0x4e,0x4e,0x65,0x00,0x5a,0x8d,0xae,0x42,0x7b,0x53,0x1e,0xb2,0x98,0x86,0xb2,
    0x08,0xea,0x24,0x7e,0x01,0x94,0x9e,0x00,0x10,0xa0,0x01,0x44,0x89,0x85,0x3a,0x16,
    0x30,0x97,0xc9,0x9c,0x14,0x81,0x94,0x05,0xa5,0x3f,0x21,0x14,0xa1,0x00,0x01,0x50,
    0x42,0x0b,0x66,0x65,0x3b,0xe6,0xeb,0x1e,0xbe,0x46,0x34,0x25,0xce,0xe1,0xc4,0x53,
    0x72,0xea,0x96,0xaa,0x46,0xf5,0xa5,0xb1,0x68,0xeb,0x70,0xbf,0x0b,0xc0,0xa8,0xff,
    0xf2,0xc7,0xb1,0x0d,0x2d,0xc0,0x52,0x3a,0x04,0xc0,0x01,0x30,0x80,0x20,0xb2,0xe4,
    0xa9,0x64,0x18,0x23,0xa1,0x09,0x61,0xe5,0x81,0x0c,0x2c,0xe8,0x62,0xc0,0x22,0xd2,
    0x01,0x6a,0x78,0x96,0xe9,0x34,0x00,0x8a,0x12,0x0b,0x40,0x02,0x32,0xd0,0xc3,0xa2,
    0x50,0x27,0x03,0x5f,0xe4,0x53,0xf4,0xe8,0xb3,0x2d,0x09,0x25,0x60,0x4a,0x2e,0xec,
    0x4a,0x7f,0x30,0x70,0x00,0x46,0xcd,0x90,0x48,0x85,0x8a,0x63,0x4f,0xb0,0x03,0x01,
    0xee,0x0d,0x8c,0x00,0x21,0x0a,0xa4,0x20,0x01,0x59,0x1f,0x07,0xa8,0x48,0x8f,0x5d,
    0x19,0x99,0x8f,0xd0,0xa7,0xac,0x3a,0x15,0x90,0x28,0x08,0xba,0xc0,0x03,0x10,0xe6,
    0x28,0x03,0x38,0x20,0x52,0x0a,0x24,0xcb,0xb1,0x40,0x84,0x3c,0x55,0xd9,0x29,0x5c,
    0x55,0x12,0x88,0x06,0x28,0x10,0x81,0x06,0x30,0xe0,0x94,0xa8,0x64,0x40,0x03,0x1e,
    0x30,0x81,0xf4,0xb0,0x89,0x88,0x68,0x39,0x16,0xf7,0x00,0xb9,0x46,0xfa,0x9c,0x08,
    0x00,0x76,0x2a,0x23,0x53,0x3a,0xc0,0xa9,0x86,0x6c,0xe8,0x23,0x01,0x2a,0x90,0x4b,
    0x82,0x09,0xcb,0x8a,0xb8,0xc7,0x02,0x0c,0xa8,0xcf,0x00,0x00,0x29,0xc8,0x41,0x12,
    0x20,0x4b,0x09,0x28,0x94,0x2e,0x3b,0xe4,0x9c,0xe9,0xf0,0xeb,0x9a,0x01,0xda,0xc0,
    0x74,0x80,0x59,0x2a,0x44,0x76,0x44,0x98,0xea,0xe1,0xc8,0x7a,0x24,0xd0,0x00,0x20,
    0x92,0x48,0x01,0x11,0x38,0x64,0x60,0x94,0x54,0x01,0x0b,0x50,0xc7,0x45,0x26,0xc9,
    0xd0,0x07,0x2e,0xd0,0x4e,0xea,0xd8,0xf0,0x21,0x3d,0xbc,0x80,0x04,0x1c,0x90,0xff,
    0xca,0x7e,0x3a,0x20,0x02,0x16,0x58,0x8f,0x37,0xe5,0x02,0x42,0x06,0x90,0x49,0x01,
    0x15,0x5a,0xd1,0x3d,0xad,0xb3,0x1e,0x0a,0x94,0x93,0x3e,0x0a,0x90,0xe6,0x37,0x8b,
    0x89,0x10,0x50,0xfe,0xa5,0x3f,0xa8,0xb2,0x65,0x96,0x18,0x80,0xc9,0xe9,0x50,0xb4,
    0x22,0xbc,0x14,0xc8,0x05,0x7a,0xa4,0x51,0xfa,0x54,0x68,0xa1,0xf8,0x7c,0x0e,0x36,
    0x57,0x5a,0xcd,0x8f,0xe6,0xa5,0x3f,0x47,0x94,0x53,0xab,0x00,0xa0,0xa6,0x81,0x68,
    0xd3,0xa5,0x0d,0xd1,0x8e,0x40,0x30,0xe0,0x00,0x22,0xcd,0xef,0x64,0xf1,0xca,0x80,
    0x07,0x5d,0x63,0x31,0x46,0x2e,0x32,0x4e,0x52,0xea,0xe5,0x4d,0x25,0xc2,0xcb,0x0b,
    0x2d,0x69,0x3e,0x60,0x54,0xa6,0xab,0x7a,0xc9,0x1a,0xef,0x50,0x20,0x61,0x40,0x4a,
    0x96,0x02,0x1e,0x10,0xd0,0x81,0xf0,0xf2,0xa6,0x88,0x0a,0x6b,0x58,0x37,0xb4,0xd4,
    0x9d,0x4a,0x60,0x01,0x99,0x52,0xe1,0xc9,0x04,0xf0,0x80,0x29,0xae,0xa6,0xa8,0x4f,
    0x9a,0xdf,0x9f,0xb6,0x4a,0x01,0x15,0x45,0x44,0x9f,0x0d,0xf0,0xa3,0x8f,0x7c,0xa7,
    0x31,0xb7,0xbe,0xd5,0x03,0x31,0x9d,0x53,0x83,0xfe,0x84,0x80,0x55,0x4a,0xa0,0x02,
    0x19,0x48,0xac,0x62,0x15,0x6b,0x81,0x09,0x3c,0xc0,0x01,0x0a,0x48,0x56,0x88,0x8e,
    0xf7,0x4c,0x03,0x08,0x15,0xa7,0xa4,0xc1,0x68,0xa5,0xf6,0x2a,0xd8,0x3e,0xdd,0xc7,
    0x00,0x07,0x08,0xad,0x68,0x43,0x4b,0x2d,0xb5,0x52,0xab,0x51,0x27,0x95,0x0d,0x08,
    0x1f,0x1a,0xd5,0xb8,0x2e,0x53,0x50,0xae,0x75,0x90,0x69,0x83,0xd5,0xa8,0x88,0xff,
    0x66,0xf2,0xad,0x22,0xed,0xe9,0xc0,0x66,0x1b,0x24,0x5a,0xf9,0xf6,0xb7,0xab,0x9a,
    0xdf,0xaf,0x1a,0x40,0x01,0xef,0xa0,0xd4,0x34,0xf9,0x4c,0xa3,0x8f,0x78,0x9b,0xbe,
    0x65,0xd6,0x47,0x01,0x98,0x7c,0x64,0x6c,0xe4,0x59,0x01,0x07,0x50,0x72,0xb9,0x46,
    0x3d,0xd7,0xfc,0xb8,0x65,0xc9,0x09,0xb8,0x27,0x40,0x98,0x7d,0x0d,0xbf,0x44,0x49,
    0x4e,0xbd,0x6e,0x8b,0xb9,0x5a,0xda,0xae,0x64,0x17,0x10,0x01,0x57,0x4a,0x17,0x37,
    0xbf,0x34,0x6b,0x03,0xf6,0x54,0x26,0x41,0xf9,0xb6,0x44,0xb4,0x7a,0xad,0x7d,0xf2,
    0xf3,0x80,0x35,0x59,0x08,0x9c,0xc2,0xb9,0x8e,0x7a,0x2c,0x50,0x4a,0xa8,0xde,0x87,
    0x51,0x08,0x06,0x12,0x02,0x18,0xc0,0x4a,0xf7,0xee,0x28,0xbc,0xbc,0xe1,0x65,0x9b,
    0x32,0x20,0x81,0x07,0x34,0x20,0x01,0xa1,0x35,0x6a,0x68,0x11,0xb0,0x80,0x7f,0xda,
    0xd5,0x42,0xd7,0x62,0x8f,0x40,0x9a,0x13,0xe2,0x81,0x68,0x20,0xb1,0x17,0xa0,0x80,
    0x8a,0x55,0x6c,0x01,0xc5,0x12,0x44,0xc2,0xc7,0x35,0xce,0x8e,0xb4,0xd9,0x90,0xaf,
    0x42,0x58,0xc4,0x1f,0x08,0x6b,0x30,0x37,0xe4,0xd1,0xa1,0xe2,0xf8,0xc7,0x40,0x0e,
    0xb2,0x90,0x87,0x4c,0xe4,0x22,0x1b,0xf9,0xc8,0x48,0x4e,0xb2,0x92,0x97,0xcc,0xe4,
    0x26,0x3b,0xf9,0xc9,0x50,0x8e,0xb2,0x94,0xa7,0x4c,0xe5,0x2a,0x5b,0xf9,0xca,0x58,
    0xce,0xb2,0x96,0xb7,0xcc,0xe5,0x2e,0x7b,0xf9,0xcb,0x60,0x0e,0xb3,0x98,0xc7,0x4c,
    0xe6,0x32,0x9b,0xf9,0xcc,0x68,0x4e,0xb3,0x9a,0xd7,0xcc,0xe6,0x36,0xbb,0xf9,0x2c,
    0xcd,0x70,0x8e,0xb3,0x9c,0xe7,0x4c,0xe7,0x3a,0xdb,0xf9,0xce,0x78,0xce,0xb3,0x9e,
    0xf7,0xcc,0xe7,0x3e,0xfb,0xf9,0xcf,0x80,0x0e,0xb4,0xa0,0x07,0x4d,0xe8,0x42,0x1b,
    0xfa,0xd0,0x88,0x4e,0xb4,0xa2,0x17,0xcd,0xe8,0x42,0x07,0x04,0x00,0x21,0xf9,0x04,
    0x08,0x0c,0x00,0x00,0x00,0x2c,0x00,0x00,0x00,0x00,0xf0,0x00,0xf0,0x00,0x84,0xff,
    0xff,0xff,0xfe,0xfe,0xfe,0xfd,0xfd,0xfd,0xfc,0xfc,0xfc,0xfb,0xfb,0xfb,0xf9,0xf9,
    0xf9,0xf2,0xf2,0xf2,0xee,0xee,0xee,0xeb,0xeb,0xeb,0xde,0xde,0xde,0xd0,0xd0,0xd0,
    0xc5,0xc5,0xc5,0xbe,0xbe,0xbe,0xb0,0xb0,0xb0,0x96,0x96,0x96,0x83,0x83,0x83,0x80,
    0x80,0x80,0x7d,0x7d,0x7d,0x67,0x67,0x67,0x56,0x56,0x56,0x44,0x44,0x44,0x41,0x41,
    0x41,0x38,0x38,0x38,0x2a,0x2a,0x2a,0x18,0x18,0x18,0x11,0x11,0x11,0x0b,0x0b,0x0b,
    0x04,0x04,0x04,0x03,0x03,0x03,0x02,0x02,0x02,0x01,0x01,0x01,0x00,0x00,0x00,0x08,
    0xff,0x00,0x3f,0x08,0x1c,0x48,0xb0,0xa0,0xc1,0x83,0x08,0x13,0x2a,0x5c,0xc8,0xb0,
    0xa1,0xc3,0x87,0x10,0x23,0x4a,0x9c,0x48,0xb1,0xa2,0xc5,0x8b,0x18,0x33,0x6a,0xdc,
    0xc8,0xb1,0xa3,0xc7,0x8f,0x20,0x43,0x8a,0x1c,0x49,0xb2,0xa4,0xc9,0x93,0x28,0x53,
    0xaa,0x5c,0xc9,0xb2,0xa5,0xcb,0x97,0x30,0x63,0xca,0x9c,0x49,0xb3,0xa6,0xcd,0x9b,
    0x38,0x73,0xea,0xdc,0xc9,0xb3,0xa7,0xcf,0x9f,0x40,0x83,0x0a,0x1d,0x4a,0xb4,0xa8,
    0xd1,0xa3,0x48,0x93,0x2a,0x5d,0xca,0xb4,0xa9,0xd3,0xa7,0x50,0xa3,0x4a,0x9d,0x4a,
    0xb5,0xaa,0xd5,0xab,0x58,0xb3,0x6a,0xdd,0xca,0xb5,0xab,0xd7,0xaf,0x60,0xc3,0x8a,
    0x1d,0x4b,0xb6,0xac,0xd9,0xb3,0x68,0xd3,0xaa,0x5d,0xcb,0xb6,0xad,0xdb,0xb7,0x70,
    0xe3,0xca,0x9d,0x4b,0xb7,0xae,0xdd,0xbb,0x78,0xf3,0xea,0xdd,0xcb,0xb7,0xaf,0xdf,
    0xbf,0x80,0x03,0x0b,0x1e,0x4c,0xb8,0xb0,0xe1,0xc3,0x88,0x13,0x2b,0x5e,0xcc,0xb8,
    0xb1,0xe3,0xc7,0x90,0x23,0x4b,0x9e,0x4c,0xb9,0xb2,0xe5,0xcb,0x98,0x33,0x6b,0xde,
    0xcc,0xb9,0xb3,0xe7,0xcf,0xa0,0x43,0x8b,0x1e,0x4d,0xba,0xb4,0xe9,0xd3,0xa8,0x53,
    0xab,0x5e,0xcd,0xba,0xb5,0xeb,0xd7,0xb0,0x63,0xcb,0x9e,0x4d,0xbb,0xb6,0xed,0xdb,
    0xb8,0x73,0xeb,0xde,0xcd,0xbb,0xb7,0xef,0xdf,0xc0,0x83,0x0b,0x1f,0x4e,0xbc,0xb8,
    0xf1,0xe3,0xc8,0x93,0x2b,0xb7,0xed,0xa1,0x03,0x87,0x0d,0xd0,0xa3,0x47,0xe7,0xe0,
    0x61,0x79,0x45,0xe7,0x0e,0x39,0x70,0xb0,0x0e,0xd1,0xc3,0xf6,0x0f,0x1c,0x2e,0x4c,
    0xff,0x80,0x40,0xbe,0x3c,0x79,0x09,0x16,0x34,0x08,0xec,0xd0,0x81,0x3b,0xc3,0xf6,
    0x1f,0x2e,0x40,0x50,0x40,0x00,0x80,0xfd,0xfb,0xf8,0x01,0x24,0x70,0x60,0x41,0xe0,
    0xf7,0xb9,0xde,0x49,0x27,0xe0,0x06,0x1c,0xc0,0x27,0xd5,0x76,0x1a,0x3c,0x50,0xc0,
    0x7d,0x03,0x10,0xe0,0xe0,0x83,0x0e,0x0e,0x10,0xc0,0x7d,0x0d,0x5c,0x00,0x5e,0x5c,
    0xde,0x19,0xb8,0x90,0x77,0xd5,0x3d,0xb5,0x9d,0x05,0x0a,0xd8,0x47,0x80,0x00,0x13,
    0xe6,0x97,0x9f,0x00,0x03,0x08,0x00,0xc0,0x01,0x13,0x7c,0xb0,0xc1,0x5b,0xff,0x65,
    0x50,0x81,0x04,0xe6,0x99,0x17,0x01,0x05,0x18,0x0c,0xf4,0xdf,0x52,0x1f,0x1e,0x00,
    0xc0,0x82,0x26,0x06,0x89,0x5f,0x7d,0x00,0x48,0xe0,0x62,0x5b,0x2f,0x6e,0x30,0x41,
    0x03,0x08,0x08,0x89,0x9f,0x01,0x0b,0x48,0x90,0x63,0x07,0x1d,0x26,0xd5,0xde,0x05,
    0x3e,0x0e,0xe0,0xe4,0x96,0x00,0xa0,0x58,0xe4,0x85,0x69,0x35,0xf7,0x01,0x05,0x0b,
    0xdc,0x27,0x00,0x84,0x68,0x8e,0x78,0x1f,0x02,0x46,0x7e,0xa0,0x61,0x51,0xcd,0x69,
    0x10,0xa2,0x96,0x5c,0x6e,0x29,0x80,0x00,0x06,0x58,0xf8,0xe6,0x58,0x62,0x42,0x60,
    0xdf,0x00,0x12,0xd6,0x19,0xc0,0x99,0xf6,0x35,0x90,0x81,0x9b,0x48,0x6d,0xf7,0x00,
    0x00,0x44,0xd6,0xb9,0xa5,0x96,0x0b,0x6c,0xb0,0x67,0x58,0x1e,0xbc,0xe8,0x00,0x00,
    0x80,0x3a,0x9a,0x5f,0x00,0x0b,0x2e,0x70,0xe8,0xa4,0x3f,0x5d,0x59,0x40,0xa0,0x9a,
    0x6e,0x59,0x5f,0x8b,0x2f,0x96,0xb5,0xdd,0xa5,0x05,0x94,0x58,0x2a,0x7e,0x9d,0x6a,
    0xff,0x40,0x65,0x51,0x2f,0xfa,0xd9,0xe8,0xab,0x41,0x4a,0xc8,0x00,0x7b,0xaa,0x7e,
    0x20,0xc1,0x8f,0xb8,0x06,0xb9,0xa0,0x03,0x60,0x0e,0x55,0x69,0x02,0x5d,0x06,0xeb,
    0x64,0x00,0x04,0xe8,0xc9,0xa7,0x07,0x18,0x18,0x70,0xa7,0xb2,0x26,0xd6,0x47,0x41,
    0xb1,0x40,0x89,0xea,0x2a,0xb5,0xf9,0x69,0x69,0x64,0xaa,0x61,0xad,0xca,0x28,0xb7,
    0x27,0x06,0xa0,0xc0,0x06,0x55,0x02,0xb5,0xdd,0x04,0x98,0x92,0x5b,0x2d,0x00,0xc4,
    0x82,0xfb,0x55,0x75,0x18,0x20,0x10,0xc0,0xb6,0xee,0x92,0x58,0x01,0xb6,0x3e,0xbd,
    0xb8,0xe8,0xad,0xee,0xb6,0xcb,0x00,0xa2,0x61,0xbd,0xf8,0x2b,0x9d,0x01,0x8b,0x08,
    0x2f,0xbf,0x3d,0xd5,0x3a,0x6e,0xc2,0x7f,0x02,0x30,0x30,0xa8,0x5a,0xad,0xca,0x2c,
    0xc4,0xf6,0xa9,0x98,0x00,0xba,0x42,0x39,0x0c,0xb0,0xbb,0x5a,0x4e,0x2c,0x56,0xa5,
    0x21,0xaa,0x88,0xf1,0xbd,0x06,0x4c,0x19,0x94,0xc7,0x18,0x0b,0x4c,0xf0,0xbc,0x1f,
    0x64,0xe0,0x23,0xbe,0x01,0xab,0x78,0xed,0x8e,0x0d,0x7f,0x60,0x6b,0xcb,0x21,0xbf,
    0xec,0x55,0x75,0x32,0x03,0x40,0x73,0xbe,0x00,0xec,0x8b,0x33,0x4f,0x2c,0x63,0xdc,
    0x33,0xc5,0x58,0x01,0x3d,0x73,0xcb,0xc9,0x1a,0xbd,0xb2,0xce,0x0f,0x43,0xbc,0x34,
    0xa5,0x31,0x3f,0xdd,0xb2,0x8a,0x52,0x03,0x95,0xb4,0xd5,0x12,0xfb,0xdc,0x95,0xd3,
    0x42,0x43,0xcd,0x35,0xc3,0x3b,0x7d,0x9d,0xf0,0xd5,0x60,0x91,0x3d,0x34,0xb9,0x67,
    0x1f,0x9d,0x36,0xd5,0x1f,0x93,0xcb,0x36,0xcc,0x41,0xbf,0xcd,0x6d,0xdc,0x53,0xef,
    0xff,0xac,0x74,0xd8,0x4c,0x5f,0xe5,0xb6,0xd9,0x45,0xa3,0xad,0x93,0xda,0x01,0xdf,
    0xfd,0x73,0xd6,0x65,0x6f,0x5d,0xb8,0xdc,0x87,0xd3,0xcd,0x33,0xe0,0x58,0xe7,0x4d,
    0x78,0xd7,0x3f,0x21,0x0e,0x32,0xe5,0x6d,0x33,0xae,0x37,0xb5,0x7c,0x7b,0x2d,0xf9,
    0xdf,0x22,0x77,0x6e,0xb9,0xe3,0x98,0xf7,0x3b,0x3a,0xd8,0xa5,0xe3,0xad,0x35,0xc6,
    0xa1,0x67,0xbe,0xfa,0xda,0x9c,0xbb,0xde,0x38,0xec,0x8f,0xf7,0x5d,0x35,0xed,0xad,
    0x2f,0x7e,0x3a,0xee,0xa9,0xe7,0xec,0x37,0xeb,0x62,0x73,0x35,0x38,0xea,0x86,0xe7,
    0xa4,0xb9,0xdd,0xb5,0xfb,0xfe,0x3a,0xc4,0xb1,0xab,0x3e,0x3c,0xef,0xc5,0x6f,0x75,
    0x3c,0xf0,0xc9,0xe3,0xe4,0xef,0xee,0x89,0x03,0xb0,0x40,0xf5,0x5a,0x5d,0x0f,0x7d,
    0xee,0xa2,0x1f,0xdc,0x72,0x7d,0xc4,0x42,0x9e,0x95,0xf8,0x09,0x47,0xdf,0x53,0x7b,
    0x16,0x90,0x0a,0x71,0x7d,0xdf,0x56,0xfe,0x7c,0xfb,0xe4,0xff,0x54,0x9d,0x06,0x4d,
    0x7e,0x8e,0xeb,0x84,0xfd,0x09,0x9c,0x55,0x80,0x66,0x80,0xdb,0x8d,0xef,0x66,0x42,
    0xb1,0x58,0xdd,0x94,0x45,0xa2,0x73,0xa5,0xeb,0x67,0x1e,0xd0,0x00,0xb2,0x4c,0x76,
    0xb2,0x02,0x38,0x2b,0x28,0x1f,0x6a,0x57,0xc2,0xea,0x13,0x81,0x23,0x89,0x65,0x3b,
    0x0d,0x08,0x00,0xc2,0x12,0x36,0xa1,0x04,0xa8,0xe7,0x81,0x3e,0x29,0x50,0x03,0x34,
    0x08,0xb7,0x00,0x24,0x20,0x03,0xb3,0x12,0x8b,0xc1,0xb8,0xe7,0xae,0xfa,0x34,0x20,
    0x7b,0x3a,0xa1,0x12,0x96,0xa6,0xc5,0x2d,0x4e,0x01,0xa0,0x45,0xea,0xdb,0xca,0x95,
    0xff,0x0c,0x70,0xaf,0xbf,0x01,0xb1,0x28,0xeb,0xc2,0x14,0x05,0x83,0x35,0x2c,0x1c,
    0x6e,0x05,0x84,0x34,0x04,0x9d,0x00,0x10,0xa0,0x01,0x0f,0xa0,0xb0,0x7c,0x11,0xc3,
    0x95,0x97,0xe2,0x75,0xc5,0xaf,0x50,0x29,0x7e,0xf2,0x23,0x17,0xfd,0x9c,0x88,0x34,
    0x5f,0x15,0x90,0x00,0x61,0x74,0x12,0xa1,0x16,0x16,0x43,0xb3,0x88,0x0b,0x48,0xcc,
    0x8b,0x54,0x1b,0x8d,0xf2,0x22,0x0b,0x30,0x80,0x41,0x68,0x04,0x94,0x1e,0x01,0xe5,
    0xa0,0x12,0x25,0xa0,0x45,0x73,0x2c,0x8b,0x77,0x38,0x50,0x26,0x38,0x2a,0x4b,0x4b,
    0x07,0xb8,0x80,0x98,0x94,0xf2,0x9d,0x09,0x30,0x60,0x81,0xf9,0x51,0x40,0x04,0x0e,
    0x15,0xc4,0x91,0x79,0x20,0x03,0x85,0xf4,0x9f,0x90,0x16,0x74,0x80,0x00,0x36,0x25,
    0x86,0x17,0x90,0x80,0x03,0x18,0x40,0xca,0x52,0x92,0xd2,0x01,0xe8,0xf9,0x4e,0x25,
    0xc7,0xd2,0x9e,0x0c,0xdc,0x91,0x51,0x9a,0xb4,0x0f,0xb3,0x34,0xd6,0x9f,0x55,0x12,
    0x85,0x3a,0x0f,0xe1,0x58,0x47,0x06,0x29,0x40,0x91,0xf0,0x92,0x23,0xf0,0x89,0x40,
    0x01,0xbb,0x94,0xc7,0x3d,0xee,0x11,0x8d,0xf7,0x71,0x00,0x25,0xa7,0xd2,0x01,0xe8,
    0xb0,0xe7,0x99,0xcf,0x7c,0x0e,0x2e,0x3d,0xb2,0xa3,0x02,0xa9,0xa4,0x52,0x04,0x99,
    0x66,0x46,0xc4,0x74,0x81,0x07,0x20,0xcb,0x51,0x06,0x70,0xc0,0xb5,0xc0,0x97,0x97,
    0xfd,0x55,0xa0,0x02,0x39,0x72,0x51,0x17,0x3d,0xe2,0x1d,0x81,0x68,0xe0,0x9c,0xe9,
    0x5c,0xe7,0x44,0xbe,0xa3,0x01,0x0a,0x44,0xa0,0x01,0xa6,0xcc,0xe7,0x03,0x26,0x90,
    0xff,0x4e,0x6d,0xf6,0x45,0x4c,0x11,0xf8,0x66,0x38,0x2d,0x04,0x1e,0x79,0x66,0xe4,
    0x3b,0x19,0x80,0x80,0x40,0x95,0xf9,0x01,0x83,0x46,0xa4,0x99,0x10,0xd1,0x8e,0x60,
    0xda,0x73,0xa9,0x2e,0x99,0xcc,0x00,0x10,0x48,0xa7,0x2e,0x39,0x92,0x21,0x17,0x49,
    0xe0,0x9b,0x3c,0xf4,0x54,0x20,0x31,0x12,0xa0,0x02,0x41,0x33,0x9a,0x04,0xea,0xa5,
    0x5d,0xb6,0x53,0x81,0x1f,0x99,0x4c,0x84,0xf6,0x61,0x53,0xaa,0x9c,0xe3,0x50,0x86,
    0x0c,0x72,0x20,0x14,0x08,0x11,0x2c,0x65,0xb9,0x20,0x08,0x78,0xd0,0x35,0x20,0x5c,
    0xe3,0x7d,0x2e,0x06,0x00,0x05,0x48,0x69,0x20,0x29,0xad,0x29,0x41,0x9c,0x03,0x2e,
    0x0d,0x38,0xf2,0x4f,0x4b,0xb4,0xa8,0x09,0x95,0x2a,0x9a,0xf6,0x94,0x69,0x84,0x43,
    0xa5,0x93,0x01,0x1a,0x30,0x01,0xf5,0xe8,0x28,0xa9,0x56,0x0c,0xab,0x15,0x99,0xba,
    0x51,0x0e,0x58,0xc0,0x01,0xdf,0x1c,0x54,0x90,0x26,0x64,0x80,0x43,0x51,0x15,0x34,
    0x41,0x85,0xa4,0x97,0xec,0xb3,0x9f,0x09,0x5c,0xc0,0x96,0x04,0xc1,0x00,0x05,0xe6,
    0x63,0x26,0xac,0xe2,0xe7,0x4e,0x53,0x85,0x0d,0x4b,0x5d,0xba,0x25,0x11,0x52,0x70,
    0x00,0x0a,0x70,0xc0,0x8d,0x2e,0x90,0x81,0xc6,0x3a,0xb6,0xb1,0x18,0x98,0x91,0x03,
    0x16,0x00,0x47,0x11,0x7e,0xce,0x87,0x3e,0x95,0x57,0x6b,0x28,0x0a,0x55,0x2e,0x9d,
    0x09,0xab,0x02,0x38,0x80,0x68,0x47,0x2b,0x5a,0x43,0x12,0x33,0xaa,0x26,0x82,0xa9,
    0xf7,0x60,0xf8,0xd6,0xd0,0x00,0xf4,0x9b,0x69,0x5c,0xeb,0x99,0x90,0xa9,0xc6,0x08,
    0xff,0x69,0x52,0xb5,0xe1,0x74,0x2b,0x6d,0xf6,0x27,0x01,0x9d,0x8e,0x28,0x96,0x42,
    0xbb,0x97,0x70,0x87,0x5b,0xaa,0xb9,0x22,0x20,0xa3,0x02,0x69,0x6d,0x69,0xbe,0xb3,
    0x81,0x8f,0xde,0x47,0x4d,0x50,0xc3,0x0f,0xb3,0x4a,0x54,0x80,0x07,0xf4,0x53,0xb9,
    0xa6,0x69,0xe7,0x07,0x30,0x20,0x81,0x05,0xbc,0x14,0x8d,0xc0,0x15,0xd4,0x67,0xef,
    0x63,0x54,0x82,0x6e,0x34,0x37,0xda,0x8d,0xcf,0x03,0x74,0x9a,0xb1,0xdf,0x32,0x90,
    0xb6,0x74,0x15,0x67,0xaa,0xfc,0xc9,0x1b,0x0e,0xf9,0x87,0x02,0xa3,0xf4,0xd1,0x73,
    0xc1,0x5b,0xc4,0x4d,0xdd,0x0b,0x45,0x04,0x70,0x15,0x94,0x1c,0xd0,0x55,0x1d,0xa9,
    0xf4,0x36,0x10,0x1d,0x48,0x06,0x26,0xe0,0x00,0x05,0xf8,0x75,0x50,0x77,0xe2,0x61,
    0x7e,0xf6,0x73,0x54,0x1d,0xd1,0x97,0x38,0x01,0x32,0x50,0x78,0x22,0x30,0x59,0xd1,
    0x0e,0x13,0x56,0xa2,0x55,0x40,0x03,0x20,0x40,0x01,0xaf,0x36,0x54,0x3b,0xd8,0xed,
    0x4d,0x80,0x0a,0x02,0x59,0x0b,0x9c,0xf3,0xc5,0x18,0x68,0x6c,0x35,0x25,0xe5,0x9e,
    0x84,0x34,0x87,0x40,0x35,0x95,0x66,0x8a,0x97,0x13,0x56,0xed,0xf8,0xb8,0x40,0x61,
    0xad,0xb1,0x90,0x87,0x4c,0xe4,0x22,0x1b,0xf9,0xc8,0x48,0x4e,0xb2,0x92,0x97,0xcc,
    0xe4,0x26,0x3b,0xf9,0xc9,0x50,0x8e,0xb2,0x94,0xa7,0x4c,0xe5,0x2a,0x5b,0xf9,0xca,
    0x58,0xce,0xb2,0x96,0xb7,0xcc,0xe5,0x2e,0x7b,0xf9,0xcb,0x60,0x0e,0xb3,0x98,0xc7,
    0x4c,0xe6,0x32,0x9b,0xf9,0xcc,0x68,0x4e,0xb3,0x9a,0xd7,0xcc,0xe6,0x36,0xbb,0xf9,
    0x32,0xcd,0x70,0x8e,0xb3,0x9c,0xe7,0x4c,0xe7,0x3a,0xdb,0xf9,0xce,0x78,0xce,0xb3,
    0x9e,0xf7,0xcc,0xe7,0x3e,0xfb,0xf9,0xcf,0x80,0x0e,0xb4,0xa0,0x07,0x4d,0xe8,0x42,
    0x1b,0xfa,0xd0,0x88,0x4e,0xb4,0xa2,0x17,0xcd,0xe8,0x46,0x3b,0xfa,0xd1,0x90,0x56,
    0x4a,0x40,0x00,0x00,0x21,0xf9,0x04,0x08,0x0c,0x00,0x00,0x00,0x2c,0x00,0x00,0x00,
    0x00,0xf0,0x00,0xf0,0x00,0x84,0xff,0xff,0xff,0xfe,0xfe,0xfe,0xfd,0xfd,0xfd,0xfc,
    0xfc,0xfc,0xfb,0xfb,0xfb,0xfa,0xfa,0xfa,0xf1,0xf1,0xf1,0xee,0xee,0xee,0xed,0xed,
    0xed,0xe2,0xe2,0xe2,0xce,0xce,0xce,0xc2,0xc2,0xc2,0xbe,0xbe,0xbe,0xb6,0xb6,0xb6,
    0x97,0x97,0x97,0x83,0x83,0x83,0x80,0x80,0x80,0x76,0x76,0x76,0x60,0x60,0x60,0x4f,
    0x4f,0x4f,0x42,0x42,0x42,0x40,0x40,0x40,0x35,0x35,0x35,0x2c,0x2c,0x2c,0x1a,0x1a,
    0x1a,0x11,0x11,0x11,0x0b,0x0b,0x0b,0x04,0x04,0x04,0x03,0x03,0x03,0x02,0x02,0x02,
    0x01,0x01,0x01,0x00,0x00,0x00,0x08,0xff,0x00,0x3f,0x08,0x1c,0x48,0xb0,0xa0,0xc1,
    0x83,0x08,0x13,0x2a,0x5c,0xc8,0xb0,0xa1,0xc3,0x87,0x10,0x23,0x4a,0x9c,0x48,0xb1,
    0xa2,0xc5,0x8b,0x18,0x33,0x6a,0xdc,0xc8,0xb1,0xa3,0xc7,0x8f,0x20,0x43,0x8a,0x1c,
    0x49,0xb2,0xa4,0xc9,0x93,0x28,0x53,0xaa,0x5c,0xc9,0xb2,0xa5,0xcb,0x97,0x30,0x63,
    0xca,0x9c,0x49,0xb3,0xa6,0xcd,0x9b,0x38,0x73,0xea,0xdc,0xc9,0xb3,0xa7,0xcf,0x9f,
    0x40,0x83,0x0a,0x1d,0x4a,0xb4,0xa8,0xd1,0xa3,0x48,0x93,0x2a,0x5d,0xca,0xb4,0xa9,
    0xd3,0xa7,0x50,0xa3,0x4a,0x9d,0x4a,0xb5,0xaa,0xd5,0xab,0x58,0xb3,0x6a,0xdd,0xca,
    0xb5,0xab,0xd7,0xaf,0x60,0xc3,0x8a,0x1d,0x4b,0xb6,0xac,0xd9,0xb3,0x68,0xd3,0xaa,
    0x5d,0xcb,0xb6,0xad,0xdb,0xb7,0x70,0xe3,0xca,0x9d,0x4b,0xb7,0xae,0xdd,0xbb,0x78,
    0xf3,0xea,0xdd,0xcb,0xb7,0xaf,0xdf,0xbf,0x80,0x03,0x0b,0x1e,0x4c,0xb8,0xb0,0xe1,
    0xc3,0x88,0x13,0x2b,0x5e,0xcc,0xb8,0xb1,0xe3,0xc7,0x90,0x23,0x4b,0x9e,0x4c,0xb9,
    0xb2,0xe5,0xcb,0x98,0x33,0x6b,0xde,0xcc,0xb9,0xb3,0xe7,0xcf,0xa0,0x43,0x8b,0x1e,
    0x4d,0xba,0xb4,0xe9,0xd3,0xa8,0x53,0xab,0x5e,0xcd,0xba,0xb5,0xeb,0xd7,0xb0,0x63,
    0xcb,0x9e,0x4d,0xbb,0xb6,0xed,0xdb,0xb8,0x73,0xeb,0xde,0xcd,0xbb,0xb7,0xef,0xdf,
    0xc0,0x83,0x0b,0x1f,0x4e,0xbc,0xb8,0xf1,0xe3,0xc8,0x93,0x2b,0xbf,0xed,0x81,0xc3,
    0x86,0xe7,0xd0,0xa1,0x73,0xe8,0xb0,0xbc,0x62,0x73,0xea,0x0c,0x9b,0x7b,0xa8,0x0e,
    0x91,0xc3,0xc0,0x0c,0x15,0x22,0x40,0xff,0x18,0x4f,0x1e,0x42,0x04,0x0a,0x18,0x06,
    0x7a,0xe7,0xce,0x70,0xc3,0x87,0x0d,0x13,0x1a,0x20,0x00,0x40,0xbf,0xbe,0x7d,0x00,
    0x06,0x16,0x48,0x48,0xdf,0x61,0xfb,0x5c,0x0f,0x1d,0x38,0x17,0xdd,0x80,0x1c,0xf8,
    0x17,0x15,0x80,0x1f,0x50,0xa0,0x40,0x7d,0x02,0x10,0xe0,0xe0,0x83,0x0f,0x0a,0x50,
    0x5f,0x02,0x12,0x08,0x84,0xdd,0x5b,0x01,0x3e,0xc4,0xc1,0x7a,0x4e,0x21,0x08,0x01,
    0x7d,0x03,0x0c,0x10,0xc0,0x7d,0x24,0x06,0xd0,0x20,0x7d,0x0d,0x64,0xf0,0xc1,0x85,
    0x6b,0x35,0x27,0x10,0x07,0x17,0x4c,0x50,0xde,0x8c,0x12,0x58,0xa0,0x81,0x85,0x2c,
    0x26,0xe5,0x81,0x7b,0x0e,0x00,0x10,0x22,0x89,0x40,0xda,0x17,0x40,0x01,0x00,0x28,
    0xa0,0x62,0x8e,0x67,0x61,0x77,0x01,0x04,0x0a,0x10,0x10,0xa4,0x7d,0x09,0x38,0x60,
    0xc1,0x8b,0x4c,0x79,0xd7,0x63,0x01,0x23,0x3e,0xa9,0x25,0x91,0x0a,0x68,0xd0,0x9f,
    0x5a,0xde,0x69,0xf0,0x00,0x91,0x20,0x42,0x68,0xa6,0x88,0xf5,0x35,0x70,0xc1,0x07,
    0x1c,0x1e,0xe5,0x9d,0x04,0x00,0x90,0xa9,0xe5,0x9c,0x44,0x3a,0xc0,0x66,0x5a,0xde,
    0x59,0xb0,0x20,0x00,0x04,0x08,0x90,0xa5,0x96,0x02,0x0c,0x20,0x21,0x02,0x13,0xbc,
    0x87,0x94,0x07,0x1e,0x60,0x60,0x80,0x00,0x12,0xce,0xe9,0xa8,0x93,0x14,0xdc,0x69,
    0x56,0x9e,0x07,0xc4,0xe9,0x28,0x90,0x4e,0x02,0x50,0xa1,0x7b,0x46,0x59,0xc9,0xe7,
    0xa5,0x8e,0xfa,0xa9,0xc0,0x06,0x06,0x8e,0x45,0xdd,0x05,0x95,0x0e,0x00,0x2a,0x90,
    0x81,0x6a,0x2a,0xe9,0x50,0xdb,0x65,0xff,0x80,0x40,0x00,0x7f,0xae,0x1a,0xa4,0x9f,
    0x91,0xb6,0x09,0x16,0x80,0x1a,0x2c,0xa8,0xaa,0xad,0x24,0x32,0x6a,0xc0,0x9a,0x48,
    0xfa,0xe4,0x1e,0x9c,0xbf,0x02,0x1b,0xa4,0x93,0x76,0xea,0xfa,0x95,0x77,0x0f,0x7c,
    0xaa,0x2c,0x89,0xaa,0x2e,0xb0,0x41,0xb1,0x3d,0x59,0x19,0x40,0xa6,0xd3,0x06,0x0b,
    0x40,0x02,0xa4,0x9a,0xfa,0x01,0x06,0x05,0xa0,0xd9,0xed,0x7d,0x4e,0x6e,0x0a,0xeb,
    0x06,0x0b,0x36,0x7a,0xae,0x90,0x01,0x18,0xc0,0x9f,0x58,0xee,0x7d,0xc8,0xed,0xbb,
    0x20,0x06,0xc0,0x40,0x07,0xd8,0xea,0x14,0x6b,0xa5,0xb5,0xe2,0x0b,0x80,0x84,0xb9,
    0x8a,0xb5,0x63,0x02,0x03,0x0b,0x2c,0x24,0x01,0xc4,0x06,0xf5,0x2f,0x00,0x01,0xe3,
    0x4b,0xf0,0xab,0x5e,0x9d,0x8a,0xa5,0xc2,0xf6,0xa9,0xaa,0x2e,0x50,0x0f,0x47,0xfc,
    0xee,0xc4,0xce,0x6e,0xe5,0xdd,0x04,0x3e,0x62,0x5c,0x1f,0xb3,0x86,0x72,0xfc,0x41,
    0x06,0x00,0x9b,0x9c,0x70,0xc1,0x60,0xb9,0x17,0xed,0xbd,0x0a,0x57,0xbb,0xa2,0xc3,
    0x2b,0xb7,0x6c,0x32,0xc8,0x61,0xd5,0x2b,0xad,0xc9,0xaa,0x32,0x70,0xb3,0xca,0x2c,
    0x43,0xec,0x32,0xcf,0x31,0x7f,0x60,0xaf,0xcb,0x25,0x0b,0xdd,0x2f,0x4e,0x1d,0x1f,
    0x0d,0x00,0xcc,0x5f,0xf9,0x4c,0xb3,0xc0,0x41,0x0f,0xfd,0x53,0xd4,0x3b,0x4f,0x4d,
    0x71,0x57,0x56,0x33,0x9d,0xf5,0xd3,0x37,0x71,0x8d,0x31,0xd2,0x55,0x2b,0xfd,0x33,
    0xc6,0x63,0xe3,0x5c,0xb4,0xc7,0xe7,0xa2,0xed,0x55,0xd8,0x2e,0xb7,0x4d,0xb4,0xce,
    0x67,0x7b,0x1d,0xb2,0x56,0x74,0x03,0xff,0x0d,0x80,0xd3,0x6e,0xe3,0xad,0xb0,0xdc,
    0x60,0xab,0x7d,0x35,0xbe,0x76,0x6f,0x9d,0xb3,0xd1,0x5d,0x53,0x3d,0xb7,0xe1,0x62,
    0xff,0xad,0xb5,0x4f,0x66,0x0f,0xae,0x77,0xcf,0x90,0xd7,0x2d,0x39,0xd9,0x36,0x55,
    0x2e,0x30,0xe1,0x5c,0xf5,0xcd,0xf6,0xe6,0x81,0x33,0x9e,0xb7,0xe3,0x85,0x2f,0xad,
    0x39,0xe0,0x77,0x9b,0x6e,0x39,0xea,0xa1,0x67,0xee,0x37,0xeb,0x8a,0xbf,0x2d,0x35,
    0xec,0x5b,0x89,0x5e,0x33,0xe9,0xad,0xc3,0xdd,0x2d,0xe8,0xb9,0xcb,0x3e,0x3a,0xed,
    0x94,0x2f,0xee,0xfb,0xb4,0xc0,0xf3,0x2d,0xfc,0xee,0xc4,0xf7,0x14,0xeb,0x7c,0xc7,
    0x2b,0x2b,0x61,0x05,0x5f,0xc7,0xae,0xfa,0xec,0x93,0x3b,0xbf,0xb2,0x01,0xae,0x7f,
    0x7e,0x79,0xd2,0xd7,0x0f,0x9f,0x3d,0x4f,0x88,0x6a,0x80,0xb0,0xbb,0x0a,0x0f,0xd9,
    0x30,0xf8,0x6b,0x33,0x3f,0x3e,0x4f,0xde,0x35,0x10,0x40,0xb2,0x02,0x8f,0x98,0xc0,
    0x8d,0xa5,0xa6,0xde,0x3e,0xd6,0xbc,0x03,0xe5,0x5e,0x04,0xfb,0x3b,0x97,0x93,0x1a,
    0x50,0xbd,0xd8,0xcd,0x2c,0x72,0x0b,0x78,0xdf,0x4e,0x4e,0x65,0x00,0x5a,0x8d,0xae,
    0x42,0x7b,0x53,0x1e,0xb2,0x98,0x86,0xb2,0x08,0xea,0x24,0x7e,0x01,0x94,0x9e,0x00,
    0x10,0xa0,0x01,0x44,0x89,0x85,0x3a,0x16,0x30,0x97,0xc9,0x9c,0x14,0x81,0x94,0x05,
    0xa5,0x3f,0x21,0x14,0xa1,0x00,0x01,0x50,0x42,0x0b,0x66,0x65,0x3b,0xe6,0xeb,0x1e,
    0xbe,0x46,0x34,0x25,0xce,0xe1,0xc4,0x53,0x72,0xea,0x96,0xaa,0x46,0xf5,0xa5,0xb1,
    0x68,0xeb,0x70,0xbf,0x0b,0xc0,0xa8,0xff,0xf2,0xc7,0xb1,0x0d,0x2d,0xc0,0x52,0x3a,
    0x04,0xc0,0x01,0x30,0x80,0x20,0xb2,0xe4,0xa9,0x64,0x18,0x23,0xa1,0x09,0x61,0xe5,
    0x81,0x0c,0x2c,0xe8,0x62,0xc0,0x22,0xd2,0x01,0x6a,0x78,0x96,0xe9,0x34,0x00,0x8a,
    0x12,0x0b,0x40,0x02,0x32,0xd0,0xc3,0xa2,0x50,0x27,0x03,0x5f,0xe4,0x53,0xf4,0xe8,
    0xb3,0x2d,0x09,0x25,0x60,0x4a,0x2e,0xec,0x4a,0x7f,0x30,0x70,0x00,0x46,0xcd,0x90,
    0x48,0x85,0x8a,0x63,0x4f,0xb0,0x03,0x01,0xee,0x0d,0x8c,0x00,0x21,0x0a,0xa4,0x20,
    0x01,0x59,0x1f,0x07,0xa8,0x48,0x8f,0x5d,0x19,0x99,0x8f,0xd0,0xa7,0xac,0x3a,0x15,
    0x90,0x28,0x08,0xba,0xc0,0x03,0x10,0xe6,0x28,0x03,0x38,0x20,0x52,0x0a,0x24,0xcb,
    0xb1,0x40,0x84,0x3c,0x55,0xd9,0x29,0x5c,0x55,0x12,0x88,0x06,0x28,0x10,0x81,0x06,
    0x30,0xe0,0x94,0xa8,0x64,0x40,0x03,0x1e,0x30,0x81,0xf4,0xb0,0x89,0x88,0x68,0x39,
    0x16,0xf7,0x00,0xb9,0x46,0xfa,0x9c,0x08,0x00,0x76,0x2a,0x23,0x53,0x3a,0xc0,0xa9,
    0x86,0x6c,0xe8,0x23,0x01,0x2a,0x90,0x4b,0x82,0x09,0xcb,0x8a,0xb8,0xc7,0x02,0x0c,
    0xa8,0xcf,0x00,0x00,0x29,0xc8,0x41,0x12,0x20,0x4b,0x09,0x28,0x94,0x2e,0x3b,0xe4,
    0x9c,0xe9,0xf0,0xeb,0x9a,0x01,0xda,0xc0,0x74,0x80,0x59,0x2a,0x44,0x76,0x44,0x98,
    0xea,0xe1,0xc8,0x7a,0x24,0xd0,0x00,0x20,0x92,0x48,0x01,0x11,0x38,0x64,0x60,0x94,
    0x54,0x01,0x0b,0x50,0xc7,0x45,0x26,0xc9,0xd0,0x07,0x2e,0xd0,0x4e,0xea,0xd8,0xf0,
    0x21,0x3d,0xbc,0x80,0x04,0x1c,0x90,0xff,0xca,0x7e,0x3a,0x20,0x02,0x16,0x58,0x8f,
    0x37,0xe5,0x02,0x42,0x06,0x90,0x49,0x01,0x15,0x5a,0xd1,0x3d,0xad,0xb3,0x1e,0x0a,
    0x94,0x93,0x3e,0x0a,0x90,0xe6,0x37,0x8b,0x89,0x10,0x50,0xfe,0xa5,0x3f,0xa8,0xb2,
    0x65,0x96,0x18,0x80,0xc9,0xe9,0x50,0xb4,0x22,0xbc,0x14,0xc8,0x05,0x7a,0xa4,0x51,
    0xfa,0x54,0x68,0xa1,0xf8,0x7c,0x0e,0x36,0x57,0x5a,0xcd,0x8f,0xe6,0xa5,0x3f,0x47,
    0x94,0x53,0xab,0x00,0xa0,0xa6,0x81,0x68,0xd3,0xa5,0x0d,0xd1,0x8e,0x40,0x30,0xe0,
    0x00,0x22,0xcd,0xef,0x64,0xf1,0xca,0x80,0x07,0x5d,0x63,0x31,0x46,0x2e,0x32,0x4e,
    0x52,0xea,0xe5,0x4d,0x25,0xc2,0xcb,0x0b,0x2d,0x69,0x3e,0x60,0x54,0xa6,0xab,0x7a,
    0xc9,0x1a,0xef,0x50,0x20,0x61,0x40,0x4a,0x96,0x02,0x1e,0x10,0xd0,0x81,0xf0,0xf2,
    0xa6,0x88,0x0a,0x6b,0x58,0x37,0xb4,0xd4,0x9d,0x4a,0x60,0x01,0x99,0x52,0xe1,0xc9,
    0x04,0xf0,0x80,0x29,0xae,0xa6,0xa8,0x4f,0x9a,0xdf,0x9f,0xb6,0x4a,0x01,0x15,0x45,
    0x44,0x9f,0x0d,0xf0,0xa3,0x8f,0x7c,0xa7,0x31,0xb7,0xbe,0xd5,0x03,0x31,0x9d,0x53,
    0x83,0xfe,0x84,0x80,0x55,0x4a,0xa0,0x02,0x19,0x48,0xac,0x62,0x15,0x6b,0x81,0x09,
    0x3c,0xc0,0x01,0x0a,0x48,0x56,0x88,0x8e,0xf7,0x4c,0x03,0x08,0x15,0xa7,0xa4,0xc1,
    0x68,0xa5,0xf6,0x2a,0xd8,0x3e,0xdd,0xc7,0x00,0x07,0x08,0xad,0x68,0x43,0x4b,0x2d,
    0xb5,0x52,0xab,0x51,0x27,0x95,0x0d,0x08,0x1f,0x1a,0xd5,0xb8,0x2e,0x53,0x50,0xae,
    0x75,0x90,0x69,0x83,0xd5,0xa8,0x88,0xff,0x66,0xf2,0xad,0x22,0xed,0xe9,0xc0,0x66,
    0x1b,0x24,0x5a,0xf9,0xf6,0xb7,0xab,0x9a,0xdf,0xaf,0x1a,0x40,0x01,0xef,0xa0,0xd4,
    0x34,0xf9,0x4c,0xa3,0x8f,0x78,0x9b,0xbe,0x65,0xd6,0x47,0x01,0x98,0x7c,0x64,0x6c,
    0xe4,0x59,0x01,0x07,0x50,0x72,0xb9,0x46,0x3d,0xd7,0xfc,0xb8,0x65,0xc9,0x09,0xb8,
    0x27,0x40,0x98,0x7d,0x0d,0xbf,0x44,0x49,0x4e,0xbd,0x6e,0x8b,0xb9,0x5a,0xda,0xae,
    0x64,0x17,0x10,0x01,0x57,0x4a,0x17,0x37,0xbf,0x34,0x6b,0x03,0xf6,0x54,0x26,0x41,
    0xf9,0xb6,0x44,0xb4,0x7a,0xad,0x7d,0xf2,0xf3,0x80,0x35,0x59,0x08,0x9c,0xc2,0xb9,
    0x8e,0x7a,0x2c,0x50,0x4a,0xa8,0xde,0x87,0x51,0x08,0x06,0x12,0x02,0x18,0xc0,0x4a,
    0xf7,0xee,0x28,0xbc,0xbc,0xe1,0x65,0x9b,0x32,0x20,0x81,0x07,0x34,0x20,0x01,0xa1,
    0x35,0x6a,0x68,0x11,0xb0,0x80,0x7f,0xda,0xd5,0x42,0xd7,0x62,0x8f,0x40,0x9a,0x13,
    0xe2,0x81,0x68,0x20,0xb1,0x17,0xa0,0x80,0x8a,0x55,0x6c,0x01,0xc5,0x12,0x44,0xc2,
    0xc7,0x35,0xce,0x8e,0xb4,0xd9,0x90,0xaf,0x42,0x58,0xc4,0x1f,0x08,0x6b,0x30,0x37,
    0xe4,0xd1,0xa1,0xe2,0xf8,0xc7,0x40,0x0e,0xb2,0x90,0x87,0x4c,0xe4,0x22,0x1b,0xf9,
    0xc8,0x48,0x4e,0xb2,0x92,0x97,0xcc,0xe4,0x26,0x3b,0xf9,0xc9,0x50,0x8e,0xb2,0x94,
    0xa7,0x4c,0xe5,0x2a,0x5b,0xf9,0xca,0x58,0xce,0xb2,0x96,0xb7,0xcc,0xe5,0x2e,0x7b,
    0xf9,0xcb,0x60,0x0e,0xb3,0x98,0xc7,0x4c,0xe6,0x32,0x9b,0xf9,0xcc,0x68,0x4e,0xb3,
    0x9a,0xd7,0xcc,0xe6,0x36,0xbb,0xf9,0x2c,0xcd,0x70,0x8e,0xb3,0x9c,0xe7,0x4c,0xe7,
    0x3a,0xdb,0xf9,0xce,0x78,0xce,0xb3,0x9e,0xf7,0xcc,0xe7,0x3e,0xfb,0xf9,0xcf,0x80,
    0x0e,0xb4,0xa0,0x07,0x4d,0xe8,0x42,0x1b,0xfa,0xd0,0x88,0x4e,0xb4,0xa2,0x17,0xcd,
    0xe8,0x42,0x07,0x04,0x00,0x21,0xf9,0x04,0x08,0x0f,0x00,0x00,0x00,0x2c,0x00,0x00,
    0x00,0x00,0xf0,0x00,0xf0,0x00,0x84,0xff,0xff,0xff,0xfe,0xfe,0xfe,0xfd,0xfd,0xfd,
    0xfc,0xfc,0xfc,0xfb,0xfb,0xfb,0xfa,0xfa,0xfa,0xf1,0xf1,0xf1,0xee,0xee,0xee,0xed,
    0xed,0xed,0xe2,0xe2,0xe2,0xcf,0xcf,0xcf,0xc3,0xc3,0xc3,0xbe,0xbe,0xbe,0xb6,0xb6,
    0xb6,0x96,0x96,0x96,0x83,0x83,0x83,0x80,0x80,0x80,0x79,0x79,0x79,0x62,0x62,0x62,
    0x50,0x50,0x50,0x42,0x42,0x42,0x40,0x40,0x40,0x36,0x36,0x36,0x2c,0x2c,0x2c,0x1b,
    0x1b,0x1b,0x11,0x11,0x11,0x0b,0x0b,0x0b,0x04,0x04,0x04,0x03,0x03,0x03,0x02,0x02,
    0x02,0x01,0x01,0x01,0x00,0x00,0x00,0x08,0xff,0x00,0x3f,0x08,0x1c,0x48,0xb0,0xa0,
    0xc1,0x83,0x08,0x13,0x2a,0x5c,0xc8,0xb0,0xa1,0xc3,0x87,0x10,0x23,0x4a,0x9c,0x48,
    0xb1,0xa2,0xc5,0x8b,0x18,0x33,0x6a,0xdc,0xc8,0xb1,0xa3,0xc7,0x8f,0x20,0x43,0x8a,
    0x1c,0x49,0xb2,0xa4,0xc9,0x93,0x28,0x53,0xaa,0x5c,0xc9,0xb2,0xa5,0xcb,0x97,0x30,
    0x63,0xca,0x9c,0x49,0xb3,0xa6,0xcd,0x9b,0x38,0x73,0xea,0xdc,0xc9,0xb3,0xa7,0xcf,
    0x9f,0x40,0x83,0x0a,0x1d,0x4a,0xb4,0xa8,0xd1,0xa3,0x48,0x93,0x2a,0x5d,0xca,0xb4,
    0xa9,0xd3,0xa7,0x50,0xa3,0x4a,0x9d,0x4a,0xb5,0xaa,0xd5,0xab,0x58,0xb3,0x6a,0xdd,
    0xca,0xb5,0xab,0xd7,0xaf,0x60,0xc3,0x8a,0x1d,0x4b,0xb6,0xac,0xd9,0xb3,0x68,0xd3,
    0xaa,0x5d,0xcb,0xb6,0xad,0xdb,0xb7,0x70,0xe3,0xca,0x9d,0x4b,0xb7,0xae,0xdd,0xbb,
    0x78,0xf3,0xea,0xdd,0xcb,0xb7,0xaf,0xdf,0xbf,0x80,0x03,0x0b,0x1e,0x4c,0xb8,0xb0,
    0xe1,0xc3,0x88,0x13,0x2b,0x5e,0xcc,0xb8,0xb1,0xe3,0xc7,0x90,0x23,0x4b,0x9e,0x4c,
    0xb9,0xb2,0xe5,0xcb,0x98,0x33,0x6b,0xde,0xcc,0xb9,0xb3,0xe7,0xcf,0xa0,0x43,0x8b,
    0x1e,0x4d,0xba,0xb4,0xe9,0xd3,0xa8,0x53,0xab,0x5e,0xcd,0xba,0xb5,0xeb,0xd7,0xb0,
    0x63,0xcb,0x9e,0x4d,0xbb,0xb6,0xed,0xdb,0xb8,0x73,0xeb,0xde,0xcd,0xbb,0xb7,0xef,
    0xdf,0xc0,0x83,0x0b,0x1f,0x4e,0xbc,0xb8,0xf1,0xe3,0xc8,0x93,0x2b,0xc7,0xed,0x81,
    0xc3,0x86,0xe7,0xd0,0xa1,0x73,0xe8,0xb0,0xbc,0x62,0x73,0xea,0x0c,0x9b,0x7b,0xa8,
    0x0e,0x91,0xc3,0xc0,0x0c,0x15,0x22,0x40,0xff,0x18,0x4f,0x1e,0x42,0x04,0x0a,0x18,
    0x06,0x7a,0xe7,0xce,0x70,0xc3,0x87,0x0d,0x13,0x1a,0x20,0x00,0x40,0xbf,0xbe,0x7d,
    0x00,0x06,0x16,0x48,0x48,0xdf,0x61,0xfb,0x5c,0x0f,0x1d,0x38,0x17,0xdd,0x80,0x1c,
    0xf8,0x17,0x15,0x80,0x1f,0x50,0xb0,0x40,0x7d,0x02,0x10,0xe0,0xe0,0x83,0x0f,0x0a,
    0x50,0x5f,0x02,0x12,0x08,0x84,0xdd,0x5b,0x01,0x3e,0xc4,0xc1,0x7a,0x4e,0x21,0x08,
    0x01,0x7d,0x03,0x0c,0x10,0xc0,0x7d,0x24,0x06,0xd0,0x20,0x7d,0x0d,0x64,0xf0,0xc1,
    0x85,0x6b,0x35,0x27,0x10,0x07,0x17,0x4c,0x50,0xde,0x8c,0x12,0x58,0xa0,0x81,0x85,
    0x2c,0x26,0xe5,0x81,0x7b,0x0e,0x00,0x10,0x22,0x89,0x40,0xda,0x17,0x40,0x01,0x00,
    0x28,0xa0,0x62,0x8e,0x67,0x61,0x77,0x01,0x04,0x0a,0x10,0x10,0xa4,0x7d,0x09,0x38,
    0x60,0xc1,0x8b,0x4c,0x79,0xd7,0x63,0x01,0x23,0x3e,0xa9,0x25,0x91,0x0a,0x68,0xd0,
    0x9f,0x5a,0xde,0x69,0xf0,0x00,0x91,0x20,0x42,0x68,0xa6,0x88,0xf5,0x35,0x70,0xc1,
    0x07,0x1c,0x1e,0xe5,0x9d,0x04,0x00,0x90,0xa9,0xe5,0x9c,0x44,0x3a,0xc0,0x66,0x5a,
    0xde,0x5d,0xa0,0x00,0x7d,0x04,0x08,0x90,0xa5,0x96,0x02,0x0c,0x20,0x21,0x02,0x13,
    0xbc,0x87,0x94,0x07,0x1e,0x60,0x60,0x80,0x00,0x12,0xce,0xe9,0xa8,0x93,0x14,0xdc,
    0x69,0x96,0x77,0x16,0x1c,0x10,0xa7,0xa3,0x40,0x3a,0x09,0x40,0x85,0xee,0x19,0x65,
    0x25,0x00,0x9a,0x62,0x0a,0x68,0x00,0x0a,0x6c,0x60,0xe0,0x58,0xd4,0x5d,0x60,0xe9,
    0x00,0xa2,0x02,0x19,0xe8,0xa6,0x92,0x0e,0xff,0xb5,0x5d,0x06,0x08,0x04,0xf0,0x67,
    0xab,0x41,0xfa,0x19,0x69,0x9b,0x60,0x01,0xa8,0xc1,0x9e,0xac,0xe2,0x4a,0x22,0xa3,
    0x06,0xac,0x89,0xa4,0x4f,0xee,0xc1,0x19,0xac,0xb0,0x41,0x3a,0x69,0x27,0xaf,0x5f,
    0x79,0xf7,0x00,0xa8,0xcc,0x02,0xc9,0xea,0x02,0x1b,0x1c,0xdb,0x93,0x95,0x01,0x84,
    0x5a,0xed,0x7d,0x12,0x26,0x60,0x2a,0xaa,0x1f,0x60,0x50,0x00,0x9a,0xdf,0xde,0xe7,
    0x64,0xa1,0x9d,0x06,0xb5,0xe3,0x9e,0x8d,0xa6,0x2b,0x64,0x00,0x06,0xf0,0x27,0x96,
    0x7b,0x1f,0x7a,0x2b,0xaf,0x8f,0x01,0x30,0xd0,0x81,0xb6,0x3a,0xcd,0x6a,0xe9,0xad,
    0xfb,0x02,0x20,0xe1,0xae,0x62,0xed,0x98,0x80,0xc1,0x05,0x0b,0x49,0x80,0xb1,0xee,
    0x7e,0x90,0xc1,0xc0,0x0d,0x33,0x08,0x00,0xc2,0x60,0xa5,0x8a,0x65,0xc5,0xf5,0xb1,
    0xca,0x69,0xc4,0x13,0x03,0x40,0xf0,0xbe,0x07,0xc7,0xea,0x95,0x77,0x13,0xf8,0xc8,
    0x31,0x9f,0x00,0xd8,0xd9,0xae,0x4f,0x02,0x8b,0xbc,0x72,0xc9,0xd0,0x6e,0xe5,0xde,
    0xb4,0xfa,0x16,0xcc,0x2a,0x03,0x2b,0x82,0x4c,0x31,0xc7,0x34,0x87,0x85,0x2f,0xb5,
    0x2b,0xef,0xdc,0x33,0x50,0x31,0x8f,0x2c,0x6f,0xd0,0x60,0x0d,0x9d,0xf3,0xbe,0x46,
    0x03,0x8c,0x53,0xd2,0x33,0x5f,0x6c,0x72,0x57,0x4e,0xaf,0xac,0x32,0xcf,0x52,0xdf,
    0x44,0x35,0xd0,0x56,0xd7,0xac,0x55,0xd6,0x45,0x03,0xc0,0xb5,0xcf,0x32,0x83,0x8d,
    0xf1,0x57,0x64,0x73,0x1c,0x35,0xda,0x4a,0xa7,0xcb,0x34,0xdb,0x1f,0xe4,0xab,0xf5,
    0xdb,0x48,0x4b,0xfc,0x73,0xc5,0x73,0x7b,0xff,0xd5,0x76,0xc5,0x78,0xff,0xf4,0x35,
    0xdf,0x61,0x0b,0x5d,0x37,0xd1,0x6e,0x9b,0x7d,0xb4,0xe0,0x7a,0xa7,0x4d,0xf8,0xda,
    0x7e,0x1f,0xfe,0xb4,0xbc,0x81,0xc3,0xdc,0x78,0xdc,0xdf,0xf6,0x8d,0xb5,0xe4,0x77,
    0x2b,0xde,0xb5,0x4d,0x83,0x37,0xac,0x39,0x57,0x7f,0x37,0x5c,0x79,0x4f,0xa1,0x17,
    0x3c,0xba,0xcd,0x9c,0x97,0x7d,0x76,0xde,0x21,0x63,0x5e,0xed,0xea,0x63,0xb7,0x9e,
    0xf8,0xeb,0x8c,0xc7,0x5e,0x35,0xe4,0x9b,0xdb,0xed,0xfa,0xe2,0x96,0xeb,0xae,0xf6,
    0xd5,0xa4,0xdb,0x0e,0xb8,0xe7,0x70,0xef,0x4e,0x3c,0xeb,0xbe,0xdf,0x0e,0x3c,0xea,
    0x12,0xcf,0x27,0x3b,0xb3,0x12,0x56,0xb0,0x7c,0xed,0xcd,0x1f,0x8f,0x7b,0xf0,0x06,
    0x38,0x2e,0x7a,0xe1,0x4d,0x1b,0x6f,0x3a,0xf2,0x48,0x7b,0xa0,0xc1,0xc2,0xf1,0x36,
    0x3c,0x24,0xc4,0xe1,0x67,0x3f,0xfe,0xf6,0x3e,0x79,0xd7,0x40,0x00,0xcb,0x16,0x3c,
    0x62,0x02,0x37,0x9e,0xda,0x3b,0xe2,0xda,0x3f,0xdf,0x93,0x7b,0x11,0xe0,0xdf,0xbe,
    0x9c,0xd4,0x80,0xeb,0xd5,0x0e,0x67,0x9d,0x5b,0x80,0xff,0x78,0x92,0x2a,0x03,0xd8,
    0xea,0x78,0x15,0x12,0x5b,0xed,0x94,0xa5,0x35,0x67,0x19,0x50,0x27,0xf2,0x13,0x60,
    0xe6,0x04,0x80,0x00,0x0d,0x20,0x4a,0x2c,0xa9,0x42,0x17,0xc7,0x9c,0xf4,0x31,0xa1,
    0xf4,0xc7,0x02,0x21,0x9a,0x1e,0xa6,0x48,0x78,0xc1,0xac,0x6c,0xe7,0x7c,0xde,0xb3,
    0x1f,0x00,0xa6,0xf4,0x39,0x9c,0x7c,0x4a,0x4e,0xdf,0xba,0x56,0xb6,0xf4,0x17,0xad,
    0x0f,0x38,0xa0,0x5b,0x40,0x23,0xd5,0xb8,0xff,0x88,0xd2,0x1c,0x0e,0x2c,0x08,0x87,
    0xc2,0x62,0xd5,0x01,0x30,0x80,0x20,0xb2,0x50,0x4a,0x65,0x15,0x73,0x52,0x04,0x0c,
    0x55,0x14,0x44,0x65,0x60,0x4f,0x1b,0x13,0x16,0x91,0x0e,0x40,0xc3,0xb3,0x4c,0xa7,
    0x01,0x50,0x24,0x59,0x00,0x12,0x90,0x81,0x2f,0x19,0x85,0x3a,0x19,0x00,0x23,0xa8,
    0x54,0x28,0xb2,0x3e,0x01,0x20,0x01,0x53,0x92,0xe0,0x57,0xfa,0x83,0x81,0x03,0x30,
    0x6a,0x5f,0x43,0x02,0x40,0xa1,0xe4,0xf8,0x13,0xec,0x44,0xa0,0x7b,0x06,0x23,0x40,
    0x88,0x06,0x49,0x48,0x41,0xd6,0xc7,0x01,0x2a,0xe2,0x63,0x0f,0x53,0x26,0x28,0x79,
    0xd5,0xa9,0x85,0x48,0x4b,0xd5,0x03,0x16,0xe6,0x28,0x03,0x38,0x20,0x52,0x0b,0x2c,
    0x4b,0xb2,0x40,0x34,0x3b,0x56,0xb9,0x8c,0x87,0x6e,0x12,0x88,0x06,0x28,0x10,0x81,
    0x06,0x30,0xe0,0x94,0xa8,0x64,0x40,0x03,0x1e,0x30,0x81,0xf4,0xb0,0x09,0x94,0x67,
    0x49,0x56,0xf7,0x04,0xc9,0xc6,0x40,0xd2,0xc7,0x4e,0x66,0x6c,0x4a,0x07,0x5e,0xb6,
    0x90,0x0d,0x7d,0x24,0x40,0x05,0x72,0x09,0x30,0x61,0x49,0x11,0xf7,0x58,0x80,0x01,
    0x1d,0x13,0x24,0x21,0x0b,0x49,0x80,0x2c,0x25,0xa0,0x50,0xb9,0x7c,0x4a,0x73,0x36,
    0x30,0x9d,0x7f,0x59,0x33,0x40,0xd4,0xac,0xa1,0x44,0xa2,0xa9,0xc8,0x8f,0x04,0x53,
    0x3d,0x1c,0x59,0x8f,0x04,0x1a,0x30,0x39,0x12,0x29,0x20,0x02,0x89,0x0c,0x8c,0x92,
    0x2a,0x60,0x01,0xea,0xb8,0xc8,0x24,0x19,0xfa,0xc0,0x05,0xd8,0x49,0x1d,0x6d,0x3a,
    0xc4,0x8c,0x17,0x90,0x80,0x03,0x52,0xc9,0xff,0x4f,0x07,0x44,0xc0,0x02,0xeb,0xe9,
    0x26,0x5d,0xa8,0x73,0x4c,0x32,0x29,0xa0,0x42,0x2b,0xb2,0x27,0x45,0xde,0x49,0x01,
    0x72,0xd2,0x47,0x01,0xd0,0xec,0xc8,0x37,0x1d,0x32,0xc4,0xbf,0xf4,0x47,0x55,0xf4,
    0xf1,0x13,0x7d,0x18,0x80,0xc9,0xe9,0x10,0xb3,0x22,0xbb,0x14,0xc8,0x05,0x7a,0x94,
    0xd1,0x2c,0x55,0x48,0xa1,0xf7,0x7c,0xce,0x35,0x57,0xea,0x9c,0x89,0x02,0xa6,0x3f,
    0x47,0x64,0x50,0xb0,0xd4,0xa4,0x1e,0x94,0x22,0x64,0x97,0xfe,0xc1,0x80,0x03,0x88,
    0x44,0xbf,0xfa,0x34,0xd3,0x00,0x19,0xf8,0xa0,0x6b,0x34,0x96,0x3e,0x10,0x49,0xa8,
    0x00,0x52,0xea,0xd4,0x8e,0xa2,0xd9,0x10,0x00,0x55,0x74,0x49,0xf3,0x09,0x63,0xc7,
    0x60,0xc5,0x4b,0xd5,0x78,0x87,0x02,0x0c,0xb3,0x56,0x7d,0x14,0x00,0x81,0x35,0xa9,
    0xe7,0x39,0x05,0x42,0x94,0x58,0xc5,0xba,0x21,0x6a,0x12,0xe4,0x02,0x11,0x58,0x40,
    0xb0,0x44,0x68,0x9f,0x3e,0x3d,0x80,0x8a,0xad,0x21,0xea,0x93,0xe8,0x97,0xa5,0x01,
    0x2c,0xe0,0x9f,0x02,0x1d,0x88,0x06,0x2c,0x90,0xd6,0x65,0xb1,0xf5,0x3e,0x1e,0x83,
    0x6b,0x5c,0x3d,0x10,0x53,0x40,0xd5,0x4f,0x01,0x0e,0x78,0x80,0x04,0x2a,0x90,0x81,
    0xc6,0x3a,0xd6,0xb1,0x16,0x98,0xc0,0x03,0x1a,0x40,0x49,0x3e,0xfd,0x55,0x5d,0xf4,
    0x0a,0xea,0x47,0x4d,0x73,0x51,0x4b,0xf1,0x4b,0x4b,0xf4,0x6b,0xe6,0x7d,0x0c,0x70,
    0x80,0xd2,0x9a,0xb6,0xb4,0xf7,0xe9,0xd6,0x65,0x01,0xdb,0xa8,0x93,0xca,0x86,0xa0,
    0x0e,0x95,0xea,0x93,0x1a,0x24,0xc8,0xa2,0xff,0x0a,0x69,0x00,0xb5,0xc5,0xd4,0x1d,
    0x8b,0x14,0xd1,0xd9,0x28,0x69,0xa7,0x06,0x5b,0x6d,0x90,0x6c,0x45,0xdc,0xe2,0xb6,
    0x8a,0x7e,0x33,0xa5,0x80,0x77,0x6c,0x4a,0x1a,0x7c,0xaa,0xd1,0x47,0xc2,0x55,0x1f,
    0x6e,0xeb,0xb3,0x00,0x4c,0x42,0x32,0xae,0xeb,0xa9,0x80,0x03,0x2a,0x9b,0x5b,0xbe,
    0x4d,0x97,0x3e,0x96,0x9c,0x80,0x7b,0x02,0xb4,0xd9,0xd8,0xfc,0x4b,0x94,0xe3,0x04,
    0x64,0x20,0x1b,0xc9,0xac,0xd0,0xc6,0xcb,0xae,0x11,0x70,0xe5,0x75,0x69,0xe3,0x4b,
    0x81,0x60,0xa0,0x94,0x95,0x5d,0xaf,0x9f,0x1e,0x98,0x5a,0x5b,0xe1,0xd6,0x5b,0x09,
    0x68,0x40,0x04,0xbc,0xba,0x22,0x97,0x02,0xe7,0x3a,0x7a,0x25,0x25,0x65,0x5d,0xc5,
    0xa8,0xdd,0x8e,0x76,0x01,0x10,0xa0,0xc0,0x8d,0x04,0xb2,0xa3,0xf2,0xfa,0x66,0x97,
    0x2c,0xd2,0x80,0x64,0x29,0x5b,0x5a,0xdb,0x96,0x16,0x01,0x0c,0xf0,0xa7,0x7c,0x57,
    0x94,0x2d,0xf6,0x50,0xb8,0xa5,0x04,0xd1,0x40,0x63,0x2f,0x40,0x81,0x16,0xb7,0xd8,
    0x02,0x8e,0x25,0xc8,0x8e,0x0c,0x6c,0xe2,0x81,0x4c,0xb3,0x86,0xbb,0x2c,0x71,0x8d,
    0x1d,0x22,0x56,0x60,0x6e,0xc8,0xa3,0x42,0xdd,0xb1,0x90,0x87,0x4c,0xe4,0x22,0x1b,
    0xf9,0xc8,0x48,0x4e,0xb2,0x92,0x97,0xcc,0xe4,0x26,0x3b,0xf9,0xc9,0x50,0x8e,0xb2,
    0x94,0xa7,0x4c,0xe5,0x2a,0x5b,0xf9,0xca,0x58,0xce,0xb2,0x96,0xb7,0xcc,0xe5,0x2e,
    0x7b,0xf9,0xcb,0x60,0x0e,0xb3,0x98,0xc7,0x4c,0xe6,0x32,0x9b,0xf9,0xcc,0x68,0x4e,
    0xb3,0x9a,0xd7,0xcc,0xe6,0x36,0xbb,0xf9,0x30,0xcd,0x70,0x8e,0xb3,0x9c,0xe7,0x4c,
    0xe7,0x3a,0xdb,0xf9,0xce,0x78,0xce,0xb3,0x9e,0xf7,0xcc,0xe7,0x3e,0xfb,0xf9,0xcf,
    0x80,0x0e,0xb4,0xa0,0x07,0x4d,0xe8,0x42,0x1b,0xfa,0xd0,0x88,0x4e,0xb4,0xa2,0x17,
    0xcd,0xe8,0x46,0x3b,0xfa,0xd1,0xc7,0x09,0x08,0x00,0x21,0xf9,0x04,0x08,0x0c,0x00,
    0x00,0x00,0x2c,0x00,0x00,0x00,0x00,0xf0,0x00,0xf0,0x00,0x84,0xff,0xff,0xff,0xfe,
    0xfe,0xfe,0xfd,0xfd,0xfd,0xfc,0xfc,0xfc,0xfb,0xfb,0xfb,0xf9,0xf9,0xf9,0xf2,0xf2,
    0xf2,0xee,0xee,0xee,0xeb,0xeb,0xeb,0xde,0xde,0xde,0xd0,0xd0,0xd0,0xc5,0xc5,0xc5,
    0xbe,0xbe,0xbe,0xb0,0xb0,0xb0,0x96,0x96,0x96,0x83,0x83,0x83,0x80,0x80,0x80,0x7d,
    0x7d,0x7d,0x67,0x67,0x67,0x56,0x56,0x56,0x44,0x44,0x44,0x41,0x41,0x41,0x38,0x38,
    0x38,0x2a,0x2a,0x2a,0x18,0x18,0x18,0x11,0x11,0x11,0x0b,0x0b,0x0b,0x04,0x04,0x04,
    0x03,0x03,0x03,0x02,0x02,0x02,0x01,0x01,0x01,0x00,0x00,0x00,0x08,0xff,0x00,0x3f,
    0x08,0x1c,0x48,0xb0,0xa0,0xc1,0x83,0x08,0x13,0x2a,0x5c,0xc8,0xb0,0xa1,0xc3,0x87,
    0x10,0x23,0x4a,0x9c,0x48,0xb1,0xa2,0xc5,0x8b,0x18,0x33,0x6a,0xdc,0xc8,0xb1,0xa3,
    0xc7,0x8f,0x20,0x43,0x8a,0x1c,0x49,0xb2,0xa4,0xc9,0x93,0x28,0x53,0xaa,0x5c,0xc9,
    0xb2,0xa5,0xcb,0x97,0x30,0x63,0xca,0x9c,0x49,0xb3,0xa6,0xcd,0x9b,0x38,0x73,0xea,
    0xdc,0xc9,0xb3,0xa7,0xcf,0x9f,0x40,0x83,0x0a,0x1d,0x4a,0xb4,0xa8,0xd1,0xa3,0x48,
    0x93,0x2a,0x5d,0xca,0xb4,0xa9,0xd3,0xa7,0x50,0xa3,0x4a,0x9d,0x4a,0xb5,0xaa,0xd5,
    0xab,0x58,0xb3,0x6a,0xdd,0xca,0xb5,0xab,0xd7,0xaf,0x60,0xc3,0x8a,0x1d,0x4b,0xb6,
    0xac,0xd9,0xb3,0x68,0xd3,0xaa,0x5d,0xcb,0xb6,0xad,0xdb,0xb7,0x70,0xe3,0xca,0x9d,
    0x4b,0xb7,0xae,0xdd,0xbb,0x78,0xf3,0xea,0xdd,0xcb,0xb7,0xaf,0xdf,0xbf,0x80,0x03,
    0x0b,0x1e,0x4c,0xb8,0xb0,0xe1,0xc3,0x88,0x13,0x2b,0x5e,0xcc,0xb8,0xb1,0xe3,0xc7,
    0x90,0x23,0x4b,0x9e,0x4c,0xb9,0xb2,0xe5,0xcb,0x98,0x33,0x6b,0xde,0xcc,0xb9,0xb3,
    0xe7,0xcf,0xa0,0x43,0x8b,0x1e,0x4d,0xba,0xb4,0xe9,0xd3,0xa8,0x53,0xab,0x5e,0xcd,
    0xba,0xb5,0xeb,0xd7,0xb0,0x63,0xcb,0x9e,0x4d,0xbb,0xb6,0xed,0xdb,0xb8,0x73,0xeb,
    0xde,0xcd,0xbb,0xb7,0xef,0xdf,0xc0,0x83,0x0b,0x1f,0x4e,0xbc,0xb8,0xf1,0xe3,0xc8,
    0x93,0x2b,0xc7,0xed,0xa1,0x03,0x87,0x0d,0xd0,0xa3,0x47,0xe7,0xe0,0x61,0x79,0x45,
    0xe7,0x0e,0x39,0x70,0xb0,0x0e,0xd1,0xc3,0xf6,0x0f,0x1c,0x2e,0x4c,0xff,0x80,0x40,
    0xbe,0x3c,0x79,0x09,0x16,0x34,0x08,0xec,0xd0,0x81,0x3b,0xc3,0xf6,0x1f,0x2e,0x40,
    0x50,0x40,0x00,0x80,0xfd,0xfb,0xf8,0x01,0x24,0x70,0x60,0x41,0xe0,0xf7,0xb9,0xde,
    0x49,0x27,0xe0,0x06,0x1c,0xc0,0x27,0xd5,0x76,0x1a,0x3c,0x50,0xc0,0x7d,0x03,0x10,
    0xe0,0xe0,0x83,0x0e,0x0e,0x10,0xc0,0x7d,0x0d,0x5c,0x00,0x5e,0x5c,0xde,0x19,0xb8,
    0x90,0x77,0xd5,0x3d,0xb5,0x9d,0x05,0x0a,0xd8,0x47,0x80,0x00,0x13,0xe6,0x97,0x9f,
    0x00,0x03,0x08,0x00,0xc0,0x01,0x13,0x7c,0xb0,0xc1,0x5b,0xff,0x65,0x50,0x81,0x04,
    0xe6,0x99,0x17,0x01,0x05,0x18,0x0c,0xf4,0xdf,0x52,0x1f,0x1e,0x00,0xc0,0x82,0x26,
    0x06,0x89,0x5f,0x7d,0x00,0x48,0xe0,0x62,0x5b,0x2f,0x6e,0x30,0x41,0x03,0x08,0x08,
    0x89,0x9f,0x01,0x0b,0x48,0x90,0x63,0x07,0x1d,0x26,0xd5,0xde,0x05,0x3e,0x0e,0xe0,
    0xe4,0x96,0x00,0xa0,0x58,0xe4,0x85,0x69,0x35,0xf7,0x01,0x05,0x0b,0xdc,0x27,0x00,
    0x84,0x68,0x8e,0x78,0x1f,0x02,0x46,0x7e,0xa0,0x61,0x51,0xcd,0x69,0x10,0xa2,0x96,
    0x5c,0x6e,0x29,0x80,0x00,0x06,0x58,0xf8,0xe6,0x58,0x62,0x42,0x60,0xdf,0x00,0x12,
    0xd6,0x19,0xc0,0x99,0xf6,0x35,0x90,0x81,0x9b,0x48,0x6d,0xf7,0x00,0x00,0x44,0xd6,
    0xb9,0xa5,0x96,0x0b,0x6c,0xb0,0x67,0x58,0x1e,0xbc,0xe8,0x00,0x00,0x80,0x3a,0x9a,
    0x5f,0x00,0x0b,0x2e,0x70,0xe8,0xa4,0x3f,0x5d,0x59,0x40,0xa0,0x9a,0x6e,0x59,0x5f,
    0x8b,0x2f,0x96,0xb5,0xdd,0xa5,0x05,0x94,0x58,0x2a,0x7e,0x9d,0x6a,0xff,0x40,0x65,
    0x51,0x2f,0xfa,0xd9,0xe8,0xab,0x41,0x4a,0xc8,0x00,0x7b,0xaa,0x7e,0x20,0xc1,0x8f,
    0xb8,0x06,0xb9,0xa0,0x03,0x60,0x0e,0x55,0x69,0x02,0x5d,0x06,0xeb,0x64,0x00,0x04,
    0xe8,0xc9,0xa7,0x07,0x18,0x18,0x70,0xa7,0xb2,0x26,0xd6,0x47,0x41,0xb1,0x40,0x89,
    0xea,0x2a,0xb5,0xf9,0x69,0x69,0x64,0xaa,0x61,0xad,0xca,0x28,0xb7,0x27,0x06,0xa0,
    0xc0,0x06,0x55,0x02,0xb5,0xdd,0x04,0x98,0x92,0x5b,0x2d,0x00,0xc4,0x82,0xfb,0x55,
    0x75,0x18,0x20,0x10,0xc0,0xb6,0xee,0x92,0x58,0x01,0xb6,0x3e,0xbd,0xb8,0xe8,0xad,
    0xee,0xb6,0xcb,0x00,0xa2,0x61,0xbd,0xf8,0x2b,0x9d,0x01,0x8b,0x08,0x2f,0xbf,0x3d,
    0xd5,0x3a,0x6e,0xc2,0x7f,0x02,0x30,0x30,0xa8,0x5a,0xad,0xca,0x2c,0xc4,0xf6,0xa9,
    0x98,0x00,0xba,0x42,0x39,0x0c,0xb0,0xbb,0x5a,0x4e,0x2c,0x56,0xa5,0x21,0xaa,0x88,
    0xf1,0xbd,0x06,0x4c,0x19,0x94,0xc7,0x18,0x0b,0x4c,0xf0,0xbc,0x1f,0x64,0xe0,0x23,
    0xbe,0x01,0xab,0x78,0xed,0x8e,0x0d,0x7f,0x60,0x6b,0xcb,0x21,0xbf,0xec,0x55,0x75,
    0x32,0x03,0x40,0x73,0xbe,0x00,0xec,0x8b,0x33,0x4f,0x2c,0x63,0xdc,0x33,0xc5,0x58,
    0x01,0x3d,0x73,0xcb,0xc9,0x1a,0xbd,0xb2,0xce,0x0f,0x43,0xbc,0x34,0xa5,0x31,0x3f,
    0xdd,0xb2,0x8a,0x52,0x03,0x95,0xb4,0xd5,0x12,0xfb,0xdc,0x95,0xd3,0x42,0x43,0xcd,
    0x35,0xc3,0x3b,0x7d,0x9d,0xf0,0xd5,0x60,0x91,0x3d,0x34,0xb9,0x67,0x1f,0x9d,0x36,
    0xd5,0x1f,0x93,0xcb,0x36,0xcc,0x41,0xbf,0xcd,0x6d,0xdc,0x53,0xef,0xff,0xac,0x74,
    0xd8,0x4c,0x5f,0xe5,0xb6,0xd9,0x45,0xa3,0xad,0x93,0xda,0x01,0xdf,0xfd,0x73,0xd6,
    0x65,0x6f,0x5d,0xb8,0xdc,0x87,0xd3,0xcd,0x33,0xe0,0x58,0xe7,0x4d,0x78,0xd7,0x3f,
    0x21,0x0e,0x32,0xe5,0x6d,0x33,0xae,0x37,0xb5,0x7c,0x7b,0x2d,0xf9,0xdf,0x22,0x77,
    0x6e,0xb9,0xe3,0x98,0xf7,0x3b,0x3a,0xd8,0xa5,0xe3,0xad,0x35,0xc6,0xa1,0x67,0xbe,
    0xfa,0xda,0x9c,0xbb,0xde,0x38,0xec,0x8f,0xf7,0x5d,0x35,0xed,0xad,0x2f,0x7e,0x3a,
    0xee,0xa9,0xe7,0xec,0x37,0xeb,0x62,0x73,0x35,0x38,0xea,0x86,0xe7,0xa4,0xb9,0xdd,
    0xb5,0xfb,0xfe,0x3a,0xc4,0xb1,0xab,0x3e,0x3c,0xef,0xc5,0x6f,0x75,0x3c,0xf0,0xc9,
    0xe3,0xe4,0xef,0xee,0x89,0x03,0xb0,0x40,0xf5,0x5a,0x5d,0x0f,0x7d,0xee,0xa2,0x1f,
    0xdc,0x72,0x7d,0xc4,0x42,0x9e,0x95,0xf8,0x09,0x47,0xdf,0x53,0x7b,0x16,0x90,0x0a,
    0x71,0x7d,0xdf,0x56,0xfe,0x7c,0xfb,0xe4,0xff,0x54,0x9d,0x06,0x4d,0x7e,0x8e,0xeb,
    0x84,0xfd,0x09,0x9c,0x55,0x80,0x66,0x80,0xdb,0x8d,0xef,0x66,0x42,0xb1,0x58,0xdd,
    0x94,0x45,0xa2,0x73,0xa5,0xeb,0x67,0x1e,0xd0,0x00,0xb2,0x4c,0x76,0xb2,0x02,0x38,
    0x2b,0x28,0x1f,0x6a,0x57,0xc2,0xea,0x13,0x81,0x23,0x89,0x65,0x3b,0x0d,0x08,0x00,
    0xc2,0x12,0x36,0xa1,0x04,0xa8,0xe7,0x81,0x3e,0x29,0x50,0x03,0x34,0x08,0xb7,0x00,
    0x24,0x20,0x03,0xb3,0x12,0x8b,0xc1,0xb8,0xe7,0xae,0xfa,0x34,0x20,0x7b,0x3a,0xa1,
    0x12,0x96,0xa6,0xc5,0x2d,0x4e,0x01,0xa0,0x45,0xea,0xdb,0xca,0x95,0xff,0x0c,0x70,
    0xaf,0xbf,0x01,0xb1,0x28,0xeb,0xc2,0x14,0x05,0x83,0x35,0x2c,0x1c,0x6e,0x05,0x84,
    0x34,0x04,0x9d,0x00,0x10,0xa0,0x01,0x0f,0xa0,0xb0,0x7c,0x11,0xc3,0x95,0x97,0xe2,
    0x75,0xc5,0xaf,0x50,0x29,0x7e,0xf2,0x23,0x17,0xfd,0x9c,0x88,0x34,0x5f,0x15,0x90,
    0x00,0x61,0x74,0x12,0xa1,0x16,0x16,0x43,0xb3,0x88,0x0b,0x48,0xcc,0x8b,0x54,0x1b,
    0x8d,0xf2,0x22,0x0b,0x30,0x80,0x41,0x68,0x04,0x94,0x1e,0x01,0xe5,0xa0,0x12,0x25,
    0xa0,0x45,0x73,0x2c,0x8b,0x77,0x38,0x50,0x26,0x38,0x2a,0x4b,0x4b,0x07,0xb8,0x80,
    0x98,0x94,0xf2,0x9d,0x09,0x30,0x60,0x81,0xf9,0x51,0x40,0x04,0x0e,0x15,0xc4,0x91,
    0x79,0x20,0x03,0x85,0xf4,0x9f,0x90,0x16,0x74,0x80,0x00,0x36,0x25,0x86,0x17,0x90,
    0x80,0x03,0x18,0x40,0xca,0x52,0x92,0xd2,0x01,0xe8,0xf9,0x4e,0x25,0xc7,0xd2,0x9e,
    0x0c,0xdc,0x91,0x51,0x9a,0xb4,0x0f,0xb3,0x34,0xd6,0x9f,0x55,0x12,0x85,0x3a,0x0f,
    0xe1,0x58,0x47,0x06,0x29,0x40,0x91,0xf0,0x92,0x23,0xf0,0x89,0x40,0x01,0xbb,0x94,
    0xc7,0x3d,0xee,0x11,0x8d,0xf7,0x71,0x00,0x25,0xa7,0xd2,0x01,0xe8,0xb0,0xe7,0x99,
    0xcf,0x7c,0x0e,0x2e,0x3d,0xb2,0xa3,0x02,0xa9,0xa4,0x52,0x04,0x99,0x66,0x46,0xc4,
    0x74,0x81,0x07,0x20,0xcb,0x51,0x06,0x70,0xc0,0xb5,0xc0,0x97,0x97,0xfd,0x55,0xa0,
    0x02,0x39,0x72,0x51,0x17,0x3d,0xe2,0x1d,0x81,0x68,0xe0,0x9c,0xe9,0x5c,0xe7,0x44,
    0xbe,0xa3,0x01,0x0a,0x44,0xa0,0x01,0xa6,0xcc,0xe7,0x03,0x26,0x90,0xff,0x4e,0x6d,
    0xf6,0x45,0x4c,0x11,0xf8,0x66,0x38,0x2d,0x04,0x1e,0x79,0x66,0xe4,0x3b,0x19,0x80,
    0x80,0x40,0x95,0xf9,0x01,0x83,0x46,0xa4,0x99,0x10,0xd1,0x8e,0x60,0xda,0x73,0xa9,
    0x2e,0x99,0xcc,0x00,0x10,0x48,0xa7,0x2e,0x39,0x92,0x21,0x17,0x49,0xe0,0x9b,0x3c,
    0xf4,0x54,0x20,0x31,0x12,0xa0,0x02,0x41,0x33,0x9a,0x04,0xea,0xa5,0x5d,0xb6,0x53,
    0x81,0x1f,0x99,0x4c,0x84,0xf6,0x61,0x53,0xaa,0x9c,0xe3,0x50,0x86,0x0c,0x72,0x20,
    0x14,0x08,0x11,0x2c,0x65,0xb9,0x20,0x08,0x78,0xd0,0x35,0x20,0x5c,0xe3,0x7d,0x2e,
    0x06,0x00,0x05,0x48,0x69,0x20,0x29,0xad,0x29,0x41,0x9c,0x03,0x2e,0x0d,0x38,0xf2,
    0x4f,0x4b,0xb4,0xa8,0x09,0x95,0x2a,0x9a,0xf6,0x94,0x69,0x84,0x43,0xa5,0x93,0x01,
    0x1a,0x30,0x01,0xf5,0xe8,0x28,0xa9,0x56,0x0c,0xab,0x15,0x99,0xba,0x51,0x0e,0x58,
    0xc0,0x01,0xdf,0x1c,0x54,0x90,0x26,0x64,0x80,0x43,0x51,0x15,0x34,0x41,0x85,0xa4,
    0x97,0xec,0xb3,0x9f,0x09,0x5c,0xc0,0x96,0x04,0xc1,0x00,0x05,0xe6,0x63,0x26,0xac,
    0xe2,0xe7,0x4e,0x53,0x85,0x0d,0x4b,0x5d,0xba,0x25,0x11,0x52,0x70,0x00,0x0a,0x70,
    0xc0,0x8d,0x2e,0x90,0x81,0xc6,0x3a,0xb6,0xb1,0x18,0x98,0x91,0x03,0x16,0x00,0x47,
    0x11,0x7e,0xce,0x87,0x3e,0x95,0x57,0x6b,0x28,0x0a,0x55,0x2e,0x9d,0x09,0xab,0x02,
    0x38,0x80,0x68,0x47,0x2b,0x5a,0x43,0x12,0x33,0xaa,0x26,0x82,0xa9,0xf7,0x60,0xf8,
    0xd6,0xd0,0x00,0xf4,0x9b,0x69,0x5c,0xeb,0x99,0x90,0xa9,0xc6,0x08,0xff,0x69,0x52,
    0xb5,0xe1,0x74,0x2b,0x6d,0xf6,0x27,0x01,0x9d,0x8e,0x28,0x96,0x42,0xbb,0x97,0x70,
    0x87,0x5b,0xaa,0xb9,0x22,0x20,0xa3,0x02,0x69,0x6d,0x69,0xbe,0xb3,0x81,0x8f,0xde,
    0x47,0x4d,0x50,0xc3,0x0f,0xb3,0x4a,0x54,0x80,0x07,0xf4,0x53,0xb9,0xa6,0x69,0xe7,
    0x07,0x30,0x20,0x81,0x05,0xbc,0x14,0x8d,0xc0,0x15,0xd4,0x67,0xef,0x63,0x54,0x82,
    0x6e,0x34,0x37,0xda,0x8d,0xcf,0x03,0x74,0x9a,0xb1,0xdf,0x32,0x90,0xb6,0x74,0x15,
    0x67,0xaa,0xfc,0xc9,0x1b,0x0e,0xf9,0x87,0x02,0xa3,0xf4,0xd1,0x73,0xc1,0x5b,0xc4,
    0x4d,0xdd,0x0b,0x45,0x04,0x70,0x15,0x94,0x1c,0xd0,0x55,0x1d,0xa9,0xf4,0x36,0x10,
    0x1d,0x48,0x06,0x26,0xe0,0x00,0x05,0xf8,0x75,0x50,0x77,0xe2,0x61,0x7e,0xf6,0x73,
    0x54,0x1d,0xd1,0x97,0x38,0x01,0x32,0x50,0x78,0x22,0x30,0x59,0xd1,0x0e,0x13,0x56,
    0xa2,0x55,0x40,0x03,0x20,0x40,0x01,0xaf,0x36,0x54,0x3b,0xd8,0xed,0x4d,0x80,0x0a,
    0x02,0x59,0x0b,0x9c,0xf3,0xc5,0x18,0x68,0x6c,0x35,0x25,0xe5,0x9e,0x84,0x34,0x87,
    0x40,0x35,0x95,0x66,0x8a,0x97,0x13,0x56,0xed,0xf8,0xb8,0x40,0x61,0xad,0xb1,0x90,
    0x87,0x4c,0xe4,0x22,0x1b,0xf9,0xc8,0x48,0x4e,0xb2,0x92,0x97,0xcc,0xe4,0x26,0x3b,
    0xf9,0xc9,0x50,0x8e,0xb2,0x94,0xa7,0x4c,0xe5,0x2a,0x5b,0xf9,0xca,0x58,0xce,0xb2,
    0x96,0xb7,0xcc,0xe5,0x2e,0x7b,0xf9,0xcb,0x60,0x0e,0xb3,0x98,0xc7,0x4c,0xe6,0x32,
    0x9b,0xf9,0xcc,0x68,0x4e,0xb3,0x9a,0xd7,0xcc,0xe6,0x36,0xbb,0xf9,0x32,0xcd,0x70,
    0x8e,0xb3,0x9c,0xe7,0x4c,0xe7,0x3a,0xdb,0xf9,0xce,0x78,0xce,0xb3,0x9e,0xf7,0xcc,
    0xe7,0x3e,0xfb,0xf9,0xcf,0x80,0x0e,0xb4,0xa0,0x07,0x4d,0xe8,0x42,0x1b,0xfa,0xd0,
    0x88,0x4e,0xb4,0xa2,0x17,0xcd,0xe8,0x46,0x3b,0xfa,0xd1,0x90,0x46,0x4a,0x40,0x00,
    0x00,0x21,0xf9,0x04,0x08,0x0c,0x00,0x00,0x00,0x2c,0x00,0x00,0x00,0x00,0xf0,0x00,
    0xf0,0x00,0x84,0xff,0xff,0xff,0xfe,0xfe,0xfe,0xfd,0xfd,0xfd,0xfc,0xfc,0xfc,0xfb,
    0xfb,0xfb,0xf9,0xf9,0xf9,0xf5,0xf5,0xf5,0xef,0xef,0xef,0xe6,0xe6,0xe6,0xd7,0xd7,
    0xd7,0xc8,0xc8,0xc8,0xc0,0xc0,0xc0,0xbe,0xbe,0xbe,0xba,0xba,0xba,0xa3,0xa3,0xa3,
    0x90,0x90,0x90,0x80,0x80,0x80,0x76,0x76,0x76,0x62,0x62,0x62,0x47,0x47,0x47,0x41,
    0x41,0x41,0x37,0x37,0x37,0x22,0x22,0x22,0x17,0x17,0x17,0x11,0x11,0x11,0x0e,0x0e,
    0x0e,0x07,0x07,0x07,0x04,0x04,0x04,0x03,0x03,0x03,0x02,0x02,0x02,0x01,0x01,0x01,
    0x00,0x00,0x00,0x08,0xff,0x00,0x3f,0x08,0x1c,0x48,0xb0,0xa0,0xc1,0x83,0x08,0x13,
    0x2a,0x5c,0xc8,0xb0,0xa1,0xc3,0x87,0x10,0x23,0x4a,0x9c,0x48,0xb1,0xa2,0xc5,0x8b,
    0x18,0x33,0x6a,0xdc,0xc8,0xb1,0xa3,0xc7,0x8f,0x20,0x43,0x8a,0x1c,0x49,0xb2,0xa4,
    0xc9,0x93,0x28,0x53,0xaa,0x5c,0xc9,0xb2,0xa5,0xcb,0x97,0x30,0x63,0xca,0x9c,0x49,
    0xb3,0xa6,0xcd,0x9b,0x38,0x73,0xea,0xdc,0xc9,0xb3,0xa7,0xcf,0x9f,0x40,0x83,0x0a,
    0x1d,0x4a,0xb4,0xa8,0xd1,0xa3,0x48,0x93,0x2a,0x5d,0xca,0xb4,0xa9,0xd3,0xa7,0x50,
    0xa3,0x4a,0x9d,0x4a,0xb5,0xaa,0xd5,0xab,0x58,0xb3,0x6a,0xdd,0xca,0xb5,0xab,0xd7,
    0xaf,0x60,0xc3,0x8a,0x1d,0x4b,0xb6,0xac,0xd9,0xb3,0x68,0xd3,0xaa,0x5d,0xcb,0xb6,
    0xad,0xdb,0xb7,0x70,0xe3,0xca,0x9d,0x4b,0xb7,0xae,0xdd,0xbb,0x78,0xf3,0xea,0xdd,
    0xcb,0xb7,0xaf,0xdf,0xbf,0x80,0x03,0x0b,0x1e,0x4c,0xb8,0xb0,0xe1,0xc3,0x88,0x13,
    0x2b,0x5e,0xcc,0xb8,0xb1,0xe3,0xc7,0x90,0x23,0x4b,0x9e,0x4c,0xb9,0xb2,0xe5,0xcb,
    0x98,0x33,0x6b,0xde,0xcc,0xb9,0xb3,0xe7,0xcf,0xa0,0x43,0x8b,0x1e,0x4d,0xba,0xb4,
    0xe9,0xd3,0xa8,0x53,0xab,0x5e,0xcd,0xba,0xb5,0xeb,0xd7,0xb0,0x63,0xcb,0x9e,0x4d,
    0xbb,0xb6,0xed,0xdb,0xb8,0x73,0xeb,0xde,0xcd,0xbb,0xb7,0xef,0xdf,0xc0,0x83,0x0b,
    0x1f,0x4e,0xbc,0xb8,0xf1,0xe3,0xc8,0x93,0x2b,0x5f,0xce,0xbc,0xb9,0xf3,0xe7,0xd0,
    0xa3,0x4b,0x9f,0x4e,0xbd,0xba,0xf5,0xeb,0xd8,0xb3,0x6b,0xdf,0xce,0xbd,0xbb,0xf7,
    0xef,0xe0,0xc3,0x8b,0xff,0x1f,0x4f,0xbe,0xbc,0xd8,0x0e,0x1b,0x36,0x70,0x58,0xcf,
    0xbe,0xbd,0xfb,0xf7,0xf0,0xe3,0xa7,0xe7,0x50,0xbc,0x83,0x4a,0xfb,0xc2,0xed,0x5b,
    0x88,0x00,0x61,0x02,0x85,0xff,0x00,0x06,0x28,0xe0,0x80,0x04,0x12,0xc8,0x5f,0x05,
    0x1f,0x78,0x10,0x9c,0x7d,0x12,0x1c,0x00,0xc0,0x83,0x10,0x46,0x28,0xe1,0x84,0x14,
    0x56,0x28,0xe1,0x03,0x1f,0xe0,0x97,0x15,0x7a,0xea,0xc5,0xe7,0xe1,0x87,0xf2,0xa9,
    0xa7,0x53,0x07,0x1e,0x58,0x60,0x00,0x00,0x05,0x10,0x30,0x80,0x00,0x2c,0xb6,0xe8,
    0xe2,0x8b,0x30,0xc6,0x18,0x23,0x01,0x05,0x0c,0x00,0xc0,0x04,0x1f,0xd0,0x87,0x95,
    0x86,0x27,0xf1,0x58,0xd3,0x06,0x1f,0x44,0x80,0xa2,0x85,0x44,0x16,0x49,0x24,0x01,
    0x02,0x34,0x90,0xe3,0x8e,0x1f,0xec,0xd7,0x5f,0x81,0x50,0x46,0x59,0xe0,0x81,0x09,
    0xe2,0x04,0x24,0x04,0x01,0x10,0x60,0xe4,0x96,0x5c,0x02,0xb0,0xe2,0x02,0x19,0x5e,
    0xc5,0xa0,0x83,0x5d,0x96,0x69,0x21,0x86,0x3e,0xca,0x64,0x5f,0x05,0x5e,0xaa,0x38,
    0xc0,0x9b,0x70,0xc6,0x29,0xe7,0x9c,0x74,0xd6,0xf9,0x66,0x01,0x00,0x44,0xf0,0x01,
    0x90,0x55,0x91,0x68,0x22,0x8a,0x2a,0xca,0x28,0xe8,0xa0,0x32,0xd2,0x68,0x23,0x8e,
    0x3a,0xd6,0x64,0xdf,0x03,0x66,0x36,0x4a,0xe1,0x02,0x1a,0x78,0xa0,0x60,0x55,0x40,
    0x0a,0x89,0xa7,0xa3,0x98,0x22,0xa9,0x64,0xa2,0x8a,0x7e,0x30,0x81,0x03,0x0d,0x30,
    0x20,0xea,0xa8,0xa4,0x96,0x6a,0xea,0xa9,0xa8,0x32,0xd0,0x40,0x04,0x40,0x4e,0x4a,
    0xe9,0x07,0x58,0x6a,0xff,0x89,0xa9,0xa3,0x5f,0x86,0x89,0x93,0xab,0x28,0xe1,0x4a,
    0xd5,0x9a,0x6d,0xda,0xe9,0xeb,0xaf,0x76,0xe2,0xa9,0x27,0x9f,0x38,0xad,0xd7,0xc1,
    0xb1,0xc8,0x26,0xab,0xec,0xb2,0xcc,0x36,0x7b,0x2c,0x07,0x1b,0xe8,0xda,0xe7,0x07,
    0x8c,0xce,0x8a,0x29,0xa4,0x92,0x02,0x67,0xdf,0xa7,0xa1,0xa6,0xea,0xed,0xb7,0xa6,
    0xae,0xda,0xaa,0x70,0xd2,0x96,0x54,0x6e,0x6f,0xc6,0x3a,0xab,0xee,0xba,0xcc,0x42,
    0x7b,0xae,0x79,0xf0,0xc6,0x2b,0xef,0xbc,0xf4,0xd6,0x6b,0xef,0xbd,0xf8,0xe6,0x9b,
    0x9a,0x07,0xc6,0xba,0xc4,0x2f,0x07,0x69,0xce,0xc6,0x29,0xc0,0x2a,0x79,0x40,0x6c,
    0x8e,0xef,0xb6,0xa6,0x60,0x06,0xff,0x5d,0x20,0x50,0xb4,0x26,0xf1,0x2b,0x10,0xc3,
    0x14,0x38,0x5c,0xa5,0x6c,0x1e,0xd8,0x07,0x01,0x02,0x0f,0x1e,0xe0,0x80,0x05,0x02,
    0x71,0x90,0x70,0x46,0x3a,0x66,0xb0,0x71,0xc7,0x0e,0x60,0x70,0x31,0x6c,0x8b,0x3e,
    0xc8,0x62,0xc7,0x10,0x58,0x0c,0x71,0x47,0xfc,0xda,0xa7,0x81,0x04,0x09,0xb8,0x2c,
    0xc0,0x83,0x0a,0x64,0x40,0x22,0x6c,0xf4,0x51,0x80,0xe2,0xce,0x00,0x04,0x60,0x23,
    0x00,0x08,0x44,0xa0,0x81,0x40,0x1d,0x88,0x8c,0xd1,0xbf,0x03,0x4d,0x90,0x33,0x00,
    0x04,0x04,0xf0,0x60,0x00,0x78,0x42,0xb0,0x27,0xd0,0x1f,0x38,0x20,0x80,0xac,0x10,
    0x66,0xf9,0x60,0x02,0x12,0x58,0xbc,0x27,0xc0,0x23,0x1b,0xd4,0x34,0xb1,0x19,0x4c,
    0xd0,0xc0,0x83,0x2b,0x4a,0xc8,0x62,0x02,0x91,0xb2,0xfc,0x81,0x02,0x5e,0x52,0x68,
    0xf4,0x83,0x06,0x34,0xff,0x30,0x41,0x06,0x04,0x41,0x8b,0xb6,0xa4,0x84,0x4b,0xba,
    0xf6,0xcc,0x39,0x56,0xe0,0x00,0xc7,0x45,0x13,0x2d,0xa1,0xd5,0x06,0x38,0x9c,0xf6,
    0x68,0xf4,0x79,0x0d,0xf6,0x84,0x02,0x1c,0x8d,0xf4,0x03,0x13,0x58,0xc0,0x69,0x43,
    0x16,0x4c,0x00,0xc1,0xd4,0x00,0x64,0x6e,0xe1,0xdc,0x75,0xbf,0x16,0xf4,0xd0,0x44,
    0x1a,0xed,0xf8,0x00,0x09,0x38,0x10,0x41,0xe7,0x18,0xd4,0x6e,0x7b,0xed,0x16,0x50,
    0x10,0xc1,0x03,0x0a,0x9c,0x78,0xf5,0x00,0x56,0x5b,0x88,0x35,0x00,0x5a,0x1f,0xdc,
    0x5a,0xcb,0x5e,0x3a,0x5e,0xe1,0xd7,0x9a,0xbb,0x7c,0xc0,0xf3,0xd0,0x3f,0xef,0x3b,
    0x84,0x5f,0x2b,0xaf,0xf7,0xd1,0x3d,0xff,0x0c,0x5b,0xc6,0xb0,0x32,0x0e,0xbc,0x91,
    0x01,0x7c,0xad,0x22,0x91,0xe2,0x7f,0x5f,0xe4,0xde,0x00,0x78,0xac,0xf2,0xe4,0xa7,
    0x2d,0x8c,0xf3,0x83,0x48,0x06,0x0f,0x7e,0x00,0xf4,0xd7,0x5f,0x7f,0x97,0xa6,0x23,
    0x1d,0xb3,0x40,0xec,0xa3,0xa6,0xe3,0xcd,0x8c,0xa3,0x9a,0xf5,0xac,0xa5,0xb7,0xaa,
    0x3d,0xa8,0x00,0xfb,0x43,0x18,0x6e,0x24,0xf6,0x81,0x0b,0x48,0x40,0x01,0x44,0xcb,
    0x92,0xf9,0x08,0xd8,0xb8,0xf1,0x8d,0x2d,0x02,0x20,0xdb,0x53,0xff,0x14,0x96,0xa8,
    0x0a,0x3c,0x80,0x74,0xa5,0x8b,0x9f,0xa3,0x98,0x17,0x21,0x04,0x38,0x60,0x02,0x7c,
    0x72,0xda,0x6f,0xf8,0x35,0x29,0x0e,0x4c,0xe0,0x01,0x0c,0x20,0x13,0xfc,0x54,0x74,
    0xbf,0xc7,0xd1,0x2f,0x73,0x06,0xe4,0x9b,0x02,0x1c,0x20,0x01,0xc0,0x85,0x2c,0x60,
    0xbe,0x41,0x0f,0x41,0xae,0x30,0xf0,0xc2,0x04,0x34,0xef,0x6a,0x2f,0xa2,0x90,0x09,
    0x25,0x90,0xc1,0x90,0xa9,0xf0,0x38,0xfc,0xda,0x80,0x86,0x38,0x50,0x81,0x08,0x38,
    0x40,0x01,0xd2,0x9b,0x90,0x01,0x9e,0x17,0xbb,0xfe,0x2c,0x8d,0x7f,0xeb,0xd9,0x20,
    0x70,0xa2,0x58,0x90,0xda,0x5d,0xa0,0x02,0x02,0xb2,0x40,0xed,0x06,0x26,0xc5,0xeb,
    0x64,0x4c,0x3d,0x93,0x13,0x9c,0x18,0x9d,0x43,0xb8,0xf7,0x90,0x28,0x5b,0xfa,0xca,
    0xa3,0x1e,0xf7,0xc8,0xc7,0x3e,0xfa,0xf1,0x8f,0x80,0x0c,0xa4,0x20,0x07,0x49,0xc8,
    0x42,0x1a,0xf2,0x90,0x88,0x4c,0xa4,0x22,0x17,0xc9,0xc8,0x46,0x3a,0xf2,0x91,0x90,
    0x8c,0xa4,0x24,0x27,0x49,0xc9,0x4a,0x5a,0xf2,0x92,0x98,0xcc,0xa4,0x26,0x37,0xc9,
    0xc9,0x4e,0x7a,0xf2,0x93,0xa0,0x0c,0xa5,0x28,0x47,0x49,0xca,0x52,0x9a,0xf2,0x94,
    0xa8,0x4c,0xa5,0x2a,0x57,0xc9,0xca,0x56,0xba,0xf2,0x95,0xb0,0x8c,0xa5,0x2c,0x67,
    0x49,0xcb,0x5a,0xda,0xf2,0x96,0xb8,0xcc,0xa5,0x2e,0x77,0xc9,0xcb,0x5e,0xfa,0x72,
    0x38,0x01,0x01,0x00,0x21,0xf9,0x04,0x08,0x0c,0x00,0x00,0x00,0x2c,0x00,0x00,0x00,
    0x00,0xf0,0x00,0xf0,0x00,0x84,0xff,0xff,0xff,0xfe,0xfe,0xfe,0xfd,0xfd,0xfd,0xfc,
    0xfc,0xfc,0xfb,0xfb,0xfb,0xf8,0xf8,0xf8,0xf1,0xf1,0xf1,0xee,0xee,0xee,0xe7,0xe7,
    0xe7,0xe0,0xe0,0xe0,0xd6,0xd6,0xd6,0xc6,0xc6,0xc6,0xa9,0xa9,0xa9,0x9c,0x9c,0x9c,
    0x87,0x87,0x87,0x79,0x79,0x79,0x66,0x66,0x66,0x4e,0x4e,0x4e,0x43,0x43,0x43,0x41,
    0x41,0x41,0x3f,0x3f,0x3f,0x30,0x30,0x30,0x1d,0x1d,0x1d,0x14,0x14,0x14,0x11,0x11,
    0x11,0x0f,0x0f,0x0f,0x08,0x08,0x08,0x04,0x04,0x04,0x03,0x03,0x03,0x02,0x02,0x02,
    0x01,0x01,0x01,0x00,0x00,0x00,0x08,0xff,0x00,0x3f,0x08,0x1c,0x48,0xb0,0xa0,0xc1,
    0x83,0x08,0x13,0x2a,0x5c,0xc8,0xb0,0xa1,0xc3,0x87,0x10,0x23,0x4a,0x9c,0x48,0xb1,
    0xa2,0xc5,0x8b,0x18,0x33,0x6a,0xdc,0xc8,0xb1,0xa3,0xc7,0x8f,0x20,0x43,0x8a,0x1c,
    0x49,0xb2,0xa4,0xc9,0x93,0x28,0x53,0xaa,0x5c,0xc9,0xb2,0xa5,0xcb,0x97,0x30,0x63,
    0xca,0x9c,0x49,0xb3,0xa6,0xcd,0x9b,0x38,0x73,0xea,0xdc,0xc9,0xb3,0xa7,0xcf,0x9f,
    0x40,0x83,0x0a,0x1d,0x4a,0xb4,0xa8,0xd1,0xa3,0x48,0x93,0x2a,0x5d,0xca,0xb4,0xa9,
    0xd3,0xa7,0x50,0xa3,0x4a,0x9d,0x4a,0xb5,0xaa,0xd5,0xab,0x58,0xb3,0x6a,0xdd,0xca,
    0xb5,0xab,0xd7,0xaf,0x60,0xc3,0x8a,0x1d,0x4b,0xb6,0xac,0xd9,0xb3,0x68,0xd3,0xaa,
    0x5d,0xcb,0xb6,0xad,0xdb,0xb7,0x70,0xe3,0xca,0x9d,0x4b,0xb7,0xae,0xdd,0xbb,0x78,
    0xf3,0xea,0xdd,0xcb,0xb7,0xaf,0xdf,0xbf,0x80,0x03,0x0b,0x1e,0x4c,0xb8,0xb0,0xe1,
    0xc3,0x88,0x13,0x2b,0x5e,0xcc,0xb8,0xb1,0xe3,0xc7,0x90,0x23,0x4b,0x9e,0x4c,0xb9,
    0xb2,0xe5,0xcb,0x98,0x33,0x6b,0xde,0xcc,0xb9,0xb3,0xe7,0xcf,0xa0,0x43,0x8b,0x1e,
    0x4d,0xba,0xb4,0xe9,0xd3,0xa8,0x53,0xab,0x5e,0xcd,0xba,0xb5,0xeb,0xd7,0xb0,0x63,
    0xcb,0x9e,0x4d,0xbb,0xb6,0xed,0xdb,0xb8,0x73,0xeb,0xde,0xcd,0xbb,0xb7,0xef,0xdf,
    0xc0,0x83,0x0b,0x1f,0x4e,0xbc,0xb8,0xf1,0xe3,0xc8,0x93,0x2b,0x5f,0xce,0xbc,0xb9,
    0xf3,0xe7,0xd0,0xa3,0x4b,0x9f,0x4e,0xbd,0xba,0xf5,0xeb,0xd8,0xb3,0x6b,0xdf,0xce,
    0xbd,0xbb,0xf7,0xef,0x20,0x3d,0x88,0xff,0x1f,0x4f,0x7e,0x3c,0x78,0x0e,0x1c,0x3c,
    0x34,0x44,0xaf,0x5e,0xbb,0xf8,0x81,0x19,0x32,0x60,0x98,0x4f,0x7f,0x7e,0x7c,0x0e,
    0x03,0x3b,0x64,0xd7,0xff,0x41,0x42,0x83,0x05,0x07,0x04,0x28,0xe0,0x80,0x01,0x2a,
    0xc0,0x00,0x04,0x1a,0x7c,0x80,0x5f,0x5d,0xe5,0x35,0xf8,0xde,0x54,0xfa,0x59,0xc0,
    0x00,0x00,0x14,0x56,0x68,0xe1,0x85,0x15,0x2a,0x40,0x81,0x82,0x72,0xb1,0xb7,0x5e,
    0x7a,0x50,0xe9,0x57,0x01,0x02,0x00,0x08,0x40,0x80,0x00,0x01,0xa4,0xa8,0xe2,0x8a,
    0x29,0x0a,0x30,0x00,0x01,0x00,0x10,0x00,0x01,0x87,0x6e,0x3d,0xf8,0x41,0x7c,0xf5,
    0xd5,0x77,0x5f,0x7e,0x4e,0x75,0xe0,0xc1,0x05,0x24,0xc2,0x88,0xe1,0x90,0x16,0x0e,
    0x10,0x00,0x00,0x12,0xd0,0xb8,0x16,0x7f,0xfe,0x01,0x48,0xe0,0x93,0x06,0x22,0xa8,
    0xa4,0x52,0xfa,0x2d,0x10,0x23,0x91,0x58,0x56,0x88,0x22,0x02,0x17,0xd8,0x88,0x56,
    0x84,0x13,0x66,0x39,0xa4,0x86,0x53,0x1e,0x85,0x9f,0x04,0x00,0x0c,0x20,0xa6,0x98,
    0x30,0x3e,0xf0,0xc1,0x06,0x6a,0x89,0x48,0xa2,0x89,0x28,0xb2,0x68,0xa7,0x8b,0x30,
    0xca,0x58,0x66,0x51,0xf8,0x35,0x10,0x80,0x90,0x6b,0x12,0x89,0x62,0x02,0x1a,0xb4,
    0x77,0x96,0x8f,0x40,0x5e,0x19,0x68,0x91,0x47,0x26,0xb9,0xe0,0x51,0x1e,0x6c,0x60,
    0xa5,0x00,0x8b,0x12,0x99,0x62,0x01,0x16,0x7c,0xc0,0x9f,0x59,0x55,0x2a,0x5a,0xa9,
    0x96,0x01,0x70,0xe9,0xe5,0x50,0xea,0x61,0x70,0x00,0x00,0x47,0x7e,0x8a,0x21,0xa5,
    0x8e,0x9e,0x75,0x66,0x9a,0xaa,0x5e,0xff,0xd8,0xe6,0x9b,0x90,0x7e,0x80,0x81,0x01,
    0xa8,0xc6,0x7a,0x21,0xab,0x7b,0x86,0xd5,0xe7,0x9f,0xba,0x82,0x4a,0xa8,0xa1,0x45,
    0x79,0xa0,0x81,0x02,0x25,0x06,0x5b,0x61,0x00,0x05,0x54,0xa0,0xe9,0x59,0x91,0x4e,
    0xaa,0x2c,0xaa,0xcc,0x66,0xba,0x29,0x51,0xf8,0x31,0x00,0xac,0xb2,0x94,0x22,0x90,
    0x20,0xb1,0x62,0x95,0x7a,0x6a,0xaa,0xdc,0x22,0xd9,0x2b,0x50,0x70,0x42,0x00,0xab,
    0xb2,0x30,0x36,0x70,0xee,0x57,0xa5,0xe2,0x4a,0x6e,0xb0,0xbc,0x3e,0x4a,0x94,0x78,
    0xc7,0xae,0x1b,0x6b,0x00,0x03,0x0c,0xe0,0xec,0xb5,0x64,0x19,0x8b,0x2c,0xa5,0xd3,
    0x32,0xfb,0x2f,0x52,0xfa,0x51,0x10,0x80,0x00,0x04,0x7f,0x0a,0xac,0x9b,0xf6,0x96,
    0x95,0xed,0xb6,0xf4,0x02,0xe0,0xed,0x07,0xe0,0x62,0xfb,0x81,0xba,0x31,0xa2,0xb8,
    0x66,0x8a,0x04,0x1c,0xe9,0x6e,0xc4,0x65,0xa5,0xab,0xaf,0xae,0xed,0xbe,0x2b,0xd4,
    0x99,0x24,0x52,0xc8,0xf0,0xcb,0x30,0xbf,0x5c,0x61,0x01,0x6e,0xfa,0xa8,0x16,0xbe,
    0xc8,0xaa,0xa9,0x2b,0xbf,0xfe,0x3e,0xbb,0x14,0x7e,0x17,0x38,0xa0,0x00,0xae,0x6c,
    0x26,0xd0,0xc0,0xbf,0x19,0x73,0xfa,0x81,0xc2,0x0c,0xef,0x3b,0x2b,0xc9,0x48,0x2d,
    0xc8,0x81,0x05,0x13,0x54,0x6d,0xf5,0xd5,0x55,0x57,0x90,0xa0,0xca,0x12,0x6f,0x4c,
    0xe1,0x89,0xf3,0x5a,0xfa,0xa7,0xc8,0x5c,0x17,0x0b,0x75,0x42,0x1c,0x00,0xcc,0x16,
    0xcb,0x5a,0xc6,0xec,0xf6,0xcc,0x35,0x27,0xbd,0x94,0x07,0x1d,0xa0,0x67,0xf7,0xdd,
    0x76,0xdb,0x3c,0x17,0xd0,0x42,0x13,0xff,0x9d,0x25,0x01,0x46,0x23,0x8d,0x9d,0xd4,
    0x54,0x63,0x6d,0xb8,0xd6,0x02,0x9d,0x3d,0x9d,0x07,0x8a,0x1f,0x94,0xb6,0x77,0x74,
    0xe3,0x2d,0x79,0xda,0x72,0x83,0x67,0xf9,0xe5,0x98,0x67,0x6e,0x1c,0xe3,0x8f,0xb7,
    0xc4,0xb9,0xda,0xb3,0xd9,0xdb,0x39,0x4a,0x91,0x12,0x04,0x62,0x6d,0xea,0x65,0x40,
    0xc1,0x04,0x99,0xbe,0x59,0x79,0x47,0x8c,0x0b,0xa4,0x3a,0xeb,0x02,0xbd,0x9e,0x1a,
    0xdd,0x1f,0x3c,0xd0,0xb2,0x01,0x47,0x27,0x6e,0x3b,0x46,0x0b,0x66,0xe0,0x40,0x02,
    0x14,0xf2,0x8e,0x01,0xc6,0xb2,0xe9,0xd7,0x80,0xcb,0x04,0x1b,0xf0,0xc0,0x05,0x02,
    0x6d,0xf0,0xbb,0x44,0x8c,0xeb,0xa7,0x01,0x04,0xc8,0x96,0x48,0xf0,0x02,0x19,0xe8,
    0xed,0x1a,0x7e,0x13,0x74,0x4c,0x21,0xbf,0x14,0x22,0x20,0xa5,0xa6,0xa7,0x5b,0xc4,
    0xf9,0x40,0x11,0x64,0x1f,0xf2,0xf8,0x05,0x00,0xe0,0x00,0xad,0xaf,0x65,0x6b,0xe2,
    0x85,0xdb,0x2a,0x00,0x41,0xeb,0x6f,0x52,0x1e,0x51,0xdd,0x70,0x92,0x5d,0x04,0xac,
    0x94,0xa6,0x86,0x31,0x6f,0x58,0xb0,0xe9,0x94,0xce,0xf0,0xa7,0x33,0x03,0x30,0x20,
    0x02,0x19,0x30,0xdd,0x06,0x28,0xe7,0x20,0x00,0x4a,0x6f,0x20,0x1c,0xa0,0x40,0x03,
    0x88,0x87,0x2a,0x03,0x2e,0x0b,0x00,0x06,0x80,0xde,0xf4,0x44,0x63,0x3f,0x40,0xad,
    0x6a,0x81,0x09,0x70,0x40,0x04,0x2a,0xd0,0xb8,0x83,0x58,0x40,0x02,0x0f,0xc8,0x5e,
    0x89,0x16,0xb8,0x2a,0x01,0x20,0xb0,0x7e,0x1f,0x08,0xdf,0x89,0xb2,0xc4,0xaf,0x86,
    0x0d,0x40,0x01,0x0d,0x78,0x80,0x04,0xff,0x2a,0x90,0x23,0xfa,0xbc,0xf0,0x01,0xff,
    0x89,0xdf,0xf8,0x8c,0xc4,0xc3,0xf8,0xcd,0x2f,0x80,0xaf,0x51,0x1e,0x85,0x06,0xe0,
    0xc1,0x55,0x11,0x80,0x86,0x25,0x7a,0x52,0x80,0x94,0xa8,0xa5,0x1d,0xf2,0x50,0x67,
    0xdc,0xf3,0x9e,0x6b,0x70,0xa7,0xbb,0x29,0x86,0x6d,0x48,0x0b,0x23,0xc0,0x15,0xb3,
    0x64,0xa2,0x2b,0x9e,0x11,0x43,0xe4,0x03,0x61,0x03,0x8e,0x37,0x42,0xd3,0xa4,0x0e,
    0x7b,0x5f,0xf3,0x58,0xa0,0xec,0xb4,0xa2,0x4a,0xb9,0xa8,0x7c,0x0f,0x68,0x5d,0x1d,
    0x4f,0xb3,0xa0,0xeb,0xb5,0x4c,0x7c,0xd3,0x12,0xd3,0xd8,0x28,0x54,0x00,0x07,0x40,
    0x4f,0x41,0x83,0x44,0x4d,0xec,0x3e,0x70,0x01,0x08,0x2c,0x80,0x60,0x7f,0x62,0x62,
    0x22,0xc7,0x67,0xa2,0x05,0xea,0xcf,0x59,0xae,0xe3,0xcd,0x24,0x3f,0x50,0x01,0xa1,
    0x59,0x88,0x4e,0x6f,0x5c,0x53,0x27,0x2d,0x64,0x34,0x09,0x04,0x30,0x7d,0xbd,0x61,
    0x5c,0x7b,0x38,0xd0,0xa4,0x53,0x55,0x48,0x8d,0x46,0x4a,0x11,0x1c,0x5b,0xf4,0x22,
    0x72,0x15,0x60,0x01,0x0d,0x80,0x40,0x04,0x13,0x07,0x3a,0xdf,0x74,0x00,0x8a,0x94,
    0x8c,0x80,0xd0,0xb0,0xd8,0x41,0x98,0x0d,0xc9,0x68,0xfb,0x33,0x1d,0x2c,0x8b,0xc3,
    0xb8,0x0d,0x6c,0x8a,0x03,0x15,0x40,0xa2,0x93,0xfc,0x36,0xb3,0x02,0x31,0xc0,0x01,
    0x12,0xd8,0x1a,0xc6,0x3c,0xf4,0x9c,0x6a,0x16,0x04,0x03,0x19,0xb8,0xc0,0xea,0xac,
    0x46,0x01,0x0b,0xc8,0x47,0x74,0xd6,0xbc,0x0e,0xdd,0x26,0x38,0x3d,0x0e,0xd0,0xf3,
    0x3b,0xe3,0x91,0x9c,0x8f,0x46,0xa5,0x68,0xb9,0x7e,0xfa,0xf3,0x9f,0x00,0x0d,0xa8,
    0x40,0x07,0x4a,0xd0,0x82,0x1a,0xf4,0xa0,0x08,0x4d,0xa8,0x42,0x17,0xca,0xd0,0x86,
    0x3a,0xf4,0xa1,0x10,0x8d,0xa8,0x44,0x27,0x4a,0xd1,0x8a,0x5a,0xf4,0xa2,0x18,0xcd,
    0xa8,0x46,0x37,0xca,0xd1,0x8e,0x7a,0xf4,0xa3,0x20,0x0d,0xa9,0x48,0x47,0x4a,0xd2,
    0x92,0x9a,0xf4,0xa4,0x28,0x4d,0xa9,0x4a,0x57,0xca,0xd2,0x96,0xba,0xf4,0xa5,0x30,
    0x8d,0xa9,0x4c,0x67,0x4a,0xd3,0x9a,0xda,0xf4,0xa6,0x38,0xcd,0xa9,0x4e,0x77,0xca,
    0xd3,0x9e,0xfa,0xf4,0xa7,0x40,0x0d,0xaa,0x50,0x87,0x4a,0xd4,0xa2,0x32,0x26,0x20,
    0x00,0x21,0xf9,0x04,0x08,0x0c,0x00,0x00,0x00,0x2c,0x00,0x00,0x00,0x00,0xf0,0x00,
    0xf0,0x00,0x84,0xff,0xff,0xff,0xfe,0xfe,0xfe,0xfd,0xfd,0xfd,0xfc,0xfc,0xfc,0xfb,
    0xfb,0xfb,0xfa,0xfa,0xfa,0xf6,0xf6,0xf6,0xf0,0xf0,0xf0,0xed,0xed,0xed,0xe4,0xe4,
    0xe4,0xd7,0xd7,0xd7,0xcc,0xcc,0xcc,0xba,0xba,0xba,0xa1,0xa1,0xa1,0x8e,0x8e,0x8e,
    0x80,0x80,0x80,0x7f,0x7f,0x7f,0x70,0x70,0x70,0x60,0x60,0x60,0x4a,0x4a,0x4a,0x41,
    0x41,0x41,0x3d,0x3d,0x3d,0x2c,0x2c,0x2c,0x1a,0x1a,0x1a,0x11,0x11,0x11,0x0f,0x0f,
    0x0f,0x09,0x09,0x09,0x04,0x04,0x04,0x03,0x03,0x03,0x02,0x02,0x02,0x01,0x01,0x01,
    0x00,0x00,0x00,0x08,0xff,0x00,0x3f,0x08,0x1c,0x48,0xb0,0xa0,0xc1,0x83,0x08,0x13,
    0x2a,0x5c,0xc8,0xb0,0xa1,0xc3,0x87,0x10,0x23,0x4a,0x9c,0x48,0xb1,0xa2,0xc5,0x8b,
    0x18,0x33,0x6a,0xdc,0xc8,0xb1,0xa3,0xc7,0x8f,0x20,0x43,0x8a,0x1c,0x49,0xb2,0xa4,
    0xc9,0x93,0x28,0x53,0xaa,0x5c,0xc9,0xb2,0xa5,0xcb,0x97,0x30,0x63,0xca,0x9c,0x49,
    0xb3,0xa6,0xcd,0x9b,0x38,0x73,0xea,0xdc,0xc9,0xb3,0xa7,0xcf,0x9f,0x40,0x83,0x0a,
    0x1d,0x4a,0xb4,0xa8,0xd1,0xa3,0x48,0x93,0x2a,0x5d,0xca,0xb4,0xa9,0xd3,0xa7,0x50,
    0xa3,0x4a,0x9d,0x4a,0xb5,0xaa,0xd5,0xab,0x58,0xb3,0x6a,0xdd,0xca,0xb5,0xab,0xd7,
    0xaf,0x60,0xc3,0x8a,0x1d,0x4b,0xb6,0xac,0xd9,0xb3,0x68,0xd3,0xaa,0x5d,0xcb,0xb6,
    0xad,0xdb,0xb7,0x70,0xe3,0xca,0x9d,0x4b,0xb7,0xae,0xdd,0xbb,0x78,0xf3,0xea,0xdd,
    0xcb,0xb7,0xaf,0xdf,0xbf,0x80,0x03,0x0b,0x1e,0x4c,0xb8,0xb0,0xe1,0xc3,0x88,0x13,
    0x2b,0x5e,0xcc,0xb8,0xb1,0xe3,0xc7,0x90,0x23,0x4b,0x9e,0x4c,0xb9,0xb2,0xe5,0xcb,
    0x98,0x33,0x6b,0xde,0xcc,0xb9,0xb3,0xe7,0xcf,0xa0,0x43,0x8b,0x1e,0x4d,0xba,0xb4,
    0xe9,0xd3,0xa8,0x53,0xab,0x5e,0xcd,0xba,0xb5,0xeb,0xd7,0xb0,0x63,0xcb,0x9e,0x4d,
    0xbb,0xb6,0xed,0xdb,0xb8,0x73,0xeb,0xde,0xcd,0xbb,0xb7,0xef,0xdf,0xc0,0x83,0x0b,
    0x1f,0x4e,0xbc,0xb8,0xf1,0xe3,0xc8,0x93,0x2b,0x5f,0xce,0xbc,0xb9,0xf3,0xe7,0xd0,
    0xa3,0x4b,0x9f,0x4e,0xbd,0x3a,0x4f,0x0f,0x1c,0xb2,0x6b,0xef,0xe0,0xc1,0xba,0xc3,
    0x0e,0x1b,0xba,0x23,0xff,0xcc,0x2e,0xde,0xbb,0x41,0xee,0x03,0x31,0x54,0xa0,0xc0,
    0x9e,0xfd,0x05,0x0e,0x03,0xe1,0x9b,0x27,0x28,0xdf,0x82,0x83,0x05,0x07,0x00,0xe8,
    0xdf,0x6f,0x40,0x41,0x83,0x09,0xf0,0xa1,0x77,0x97,0x07,0x1d,0x68,0xb7,0x5d,0x79,
    0x54,0x11,0xf8,0x81,0x05,0x0c,0x0c,0xb0,0x9f,0x00,0x10,0x46,0xb8,0x1f,0x00,0x0a,
    0x4c,0x20,0x50,0x07,0x74,0x61,0x27,0xdf,0x78,0xe1,0x4d,0xa5,0x60,0x04,0x05,0xe8,
    0x47,0x80,0x00,0x01,0x4c,0xa8,0x5f,0x00,0x02,0x8c,0xa8,0x5f,0x03,0x19,0x7c,0x80,
    0x61,0x5c,0x1b,0x72,0x70,0x41,0x7b,0xed,0x59,0xa0,0x41,0x7c,0x08,0x32,0xa5,0x60,
    0x03,0x00,0x04,0xe0,0xa0,0x89,0x40,0xea,0x27,0x80,0x83,0x0b,0x60,0xe0,0xe2,0x5b,
    0x0a,0x72,0x30,0x41,0x03,0x0a,0x18,0x00,0xe4,0x00,0x09,0x30,0x20,0x41,0x8b,0x47,
    0x3a,0x05,0x1f,0x8f,0x05,0x94,0x18,0xe4,0x96,0x00,0x84,0x58,0xa4,0x07,0x39,0xa2,
    0xf5,0xe2,0x04,0x0a,0x4c,0x18,0xa1,0x84,0xfb,0x25,0x10,0xc1,0x06,0x1f,0x6c,0xa8,
    0x14,0x7c,0x11,0x74,0xc9,0xe5,0x9c,0x72,0x36,0x50,0x20,0x5b,0x18,0x66,0xc0,0x23,
    0x00,0x29,0x92,0x08,0x24,0x8a,0x03,0xfc,0xb8,0x80,0x05,0x6d,0x2e,0x85,0xa1,0x05,
    0x81,0x6a,0x49,0xe7,0x96,0x21,0x4a,0x50,0x68,0x5a,0x18,0x62,0xb0,0x00,0x00,0x03,
    0x08,0xb0,0xe8,0x89,0x04,0x00,0x80,0x40,0x05,0x8f,0x22,0x85,0x21,0x03,0x94,0x5e,
    0xca,0x25,0x84,0x09,0x60,0x00,0x26,0x5a,0x60,0x4a,0x2a,0xa7,0xa8,0xfb,0x65,0x8a,
    0x00,0xa1,0x2f,0x1a,0xff,0x75,0x68,0xa5,0xac,0x72,0xe9,0xa0,0xa3,0x6c,0x9e,0xc5,
    0x41,0x07,0x58,0xd6,0x3a,0xa1,0x83,0xa5,0x0a,0x58,0x14,0x9b,0x0e,0x00,0x90,0xa9,
    0xaf,0x4f,0x06,0xb0,0x40,0x07,0xb1,0x92,0x05,0x9f,0x04,0xab,0x22,0xab,0x5f,0x88,
    0x0d,0x74,0x4a,0x94,0x07,0x1b,0x4c,0x6a,0xa9,0xb4,0x13,0x96,0x68,0xc0,0x05,0x55,
    0x8e,0x95,0x6a,0x02,0x10,0x72,0xbb,0x5f,0xa5,0x9c,0xba,0x19,0x54,0x77,0x18,0xe4,
    0xa7,0xa8,0xb9,0x7c,0x02,0x60,0xa1,0xba,0x60,0xb1,0x09,0xed,0x8f,0xf0,0x66,0x5a,
    0x2d,0xbd,0x3f,0xc1,0x57,0x41,0xb9,0xf0,0xb6,0x0a,0x00,0x04,0x1f,0xe4,0x3a,0x16,
    0xb3,0x0b,0xf8,0x18,0x70,0x8f,0x01,0x1c,0x00,0x6e,0x98,0x3e,0xc1,0x47,0x41,0xbc,
    0x0b,0x1b,0x0b,0xc0,0x03,0x05,0x93,0x85,0xe1,0x05,0x4e,0xbe,0x6b,0xae,0x83,0xf3,
    0x12,0x25,0x31,0xc5,0x0b,0x67,0x8a,0xb1,0xc1,0x61,0xc1,0x37,0x01,0xc9,0x01,0x9b,
    0x9c,0xf1,0x50,0x23,0x6f,0x5b,0xf2,0xc5,0x2f,0x8b,0xc5,0x26,0x04,0x16,0x57,0xec,
    0x20,0x03,0xe1,0x06,0x15,0x73,0xc5,0x16,0x9f,0x4c,0x16,0x9b,0x0f,0xe4,0xbc,0xf0,
    0xce,0x3d,0x03,0xf5,0x73,0xc5,0x2e,0xa3,0x5c,0xef,0x07,0x45,0x1f,0x7b,0x34,0x00,
    0x3c,0x37,0xab,0xf4,0x07,0x13,0xcb,0xdc,0xf2,0xc0,0x35,0x87,0x45,0xb4,0xd1,0x01,
    0x23,0x6d,0x75,0xbf,0x58,0xb3,0x9c,0x2f,0xcd,0x4e,0x7f,0xf5,0xb5,0xd4,0x61,0x53,
    0x9d,0xf4,0x4f,0x1b,0x1b,0x10,0x80,0xc7,0xdc,0x82,0x6c,0xed,0xd3,0x51,0x03,0x2d,
    0x76,0x51,0xd8,0x96,0xff,0xa9,0xb5,0xb9,0x01,0x14,0x00,0xeb,0xd0,0x1f,0xe0,0xcc,
    0x36,0xbc,0x7b,0x8b,0xfc,0x01,0x8f,0x87,0x4b,0x6b,0xa9,0x02,0x1d,0x12,0x9e,0xb7,
    0xce,0x6e,0x8f,0x4d,0x36,0x05,0x28,0xce,0x2c,0xb4,0xb3,0x1f,0xac,0x8c,0xef,0xd6,
    0x0e,0x74,0x2d,0x54,0xdf,0x99,0x03,0x3e,0x40,0x01,0xe0,0x5a,0xee,0xd5,0xa1,0x59,
    0xea,0x0d,0x00,0xae,0x46,0xa9,0x0c,0x36,0xb2,0x2e,0xf3,0x0b,0x56,0xdf,0x66,0x73,
    0x1b,0x00,0x01,0x83,0xc7,0xbe,0x78,0xb4,0xbe,0x3a,0xa8,0x40,0x06,0xc2,0x4a,0x3e,
    0xbb,0xb4,0x03,0x04,0xc0,0x00,0xb3,0x48,0x11,0xa8,0xc1,0xa4,0x21,0x06,0xaf,0x69,
    0xef,0x66,0x6d,0x5c,0x40,0xf2,0x5b,0xc3,0xee,0xe9,0x07,0xaa,0xb6,0x2e,0x6a,0x88,
    0x9b,0xde,0x5d,0x16,0x7c,0x93,0xd7,0x4d,0xf5,0x06,0xaa,0x0f,0x15,0xe9,0x9e,0x23,
    0xd2,0x7d,0x62,0x8a,0xfa,0x0d,0x2a,0x7e,0x59,0x04,0x66,0x50,0xe6,0xe7,0xb5,0x42,
    0x68,0x00,0xf5,0x49,0xbd,0x28,0x41,0x02,0x0f,0x22,0x80,0x00,0x07,0x88,0x2f,0x03,
    0x3c,0xa0,0x45,0xb6,0x2b,0xcb,0xa1,0x10,0x10,0x2a,0x5f,0x0d,0xe9,0x75,0xf3,0x3b,
    0x8a,0x82,0x2e,0x20,0x81,0x05,0x38,0x29,0x48,0x04,0x50,0xc0,0x03,0x08,0xf5,0xb6,
    0xb4,0xf8,0x8b,0x81,0xd1,0x13,0xd5,0xb1,0xb4,0xf7,0x94,0x0d,0xcd,0x08,0x02,0x0f,
    0x40,0x21,0x04,0x20,0x30,0x01,0x0b,0xc8,0x87,0x03,0x10,0x53,0x0b,0x7c,0x2c,0x30,
    0x29,0x63,0xf9,0x69,0x4b,0x43,0xb2,0x14,0x02,0x48,0x08,0x15,0xec,0xc4,0x30,0x3e,
    0xe9,0x5b,0x0b,0x7c,0xff,0x32,0xf0,0x80,0x0b,0x52,0x6a,0x80,0x04,0x54,0x54,0x03,
    0x08,0x95,0x40,0xa7,0x14,0x68,0x03,0x50,0x8c,0xe2,0xae,0x7e,0xe8,0x96,0x17,0x59,
    0xe0,0x01,0x0a,0x68,0x5c,0x9a,0x1a,0xc0,0xa9,0x08,0x4e,0x07,0x3b,0x02,0xe1,0x80,
    0x05,0x26,0xb0,0xc2,0x07,0xa4,0x10,0x02,0x12,0xa8,0xc0,0x8d,0x5c,0x14,0x44,0xea,
    0xdc,0x69,0x21,0xd9,0x99,0x4f,0x42,0x08,0xc4,0x81,0x28,0xda,0x11,0x86,0x8a,0xd1,
    0x50,0x1b,0x47,0xa2,0xc7,0xdc,0xb8,0x69,0x57,0x2a,0xc1,0x16,0x7d,0xa8,0xc8,0x9a,
    0xee,0x68,0x60,0x3d,0xe0,0x2a,0x18,0x21,0x37,0x02,0xc6,0x0f,0x64,0x00,0x91,0x02,
    0x59,0xe4,0x69,0x14,0x04,0x01,0x00,0x02,0xe0,0x00,0x4b,0x0c,0xa3,0x24,0x2d,0x22,
    0x1f,0x22,0x5a,0x12,0x93,0x46,0xda,0x24,0x69,0x30,0xb4,0x27,0x80,0x1d,0x00,0x02,
    0x89,0x8c,0x1c,0x47,0xb0,0x83,0xa1,0x0d,0x48,0xa0,0x4c,0x7c,0xda,0xd6,0x02,0x88,
    0x27,0xca,0xd0,0x8c,0xac,0x00,0xdb,0x52,0x98,0xa6,0xd6,0x74,0x21,0x3c,0x5e,0x44,
    0x43,0x03,0x21,0x93,0x88,0xb4,0x14,0x00,0x27,0x6d,0xce,0x35,0x57,0x82,0x5f,0xb7,
    0x8e,0xa5,0x00,0x09,0x24,0xb2,0x60,0x53,0x8c,0xc8,0x13,0x07,0x92,0x81,0x09,0x80,
    0x8a,0x52,0x7f,0x83,0x90,0x02,0x34,0x50,0x4b,0xd0,0x60,0x68,0x52,0xf8,0x3b,0xd1,
    0x8f,0x0e,0xc0,0x80,0x09,0x50,0x29,0x8c,0x1b,0x98,0x22,0x98,0xd6,0x09,0xa6,0x27,
    0xaa,0x92,0x03,0x15,0x68,0x80,0x25,0x4b,0x67,0xa2,0x12,0x1d,0x20,0x94,0xaf,0x49,
    0xa6,0x16,0x85,0x84,0xff,0xaf,0x04,0x38,0xa0,0x85,0x4d,0x3c,0xc8,0x05,0xc8,0x08,
    0x4b,0x3e,0x85,0xf3,0x41,0x02,0xd8,0x66,0x37,0x3f,0x73,0xcb,0xbf,0xd5,0x93,0x56,
    0xfa,0x19,0x80,0x7f,0x58,0x68,0x01,0x0c,0x58,0xf4,0xa2,0x16,0x9d,0x51,0x04,0xee,
    0x63,0x44,0x1f,0xb9,0x6f,0x3f,0xc5,0x44,0x5b,0x6c,0x48,0x19,0x51,0x87,0x9a,0x28,
    0x45,0xf8,0x13,0xc0,0x01,0x0e,0x80,0x80,0x96,0x22,0x80,0xa5,0x46,0x14,0x92,0x8a,
    0xe6,0xa4,0xcb,0x59,0x16,0xaf,0x35,0x94,0xb4,0x24,0xf6,0xe8,0x84,0x22,0x01,0x1e,
    0x34,0x80,0x04,0xd8,0x29,0x4d,0xc7,0xd9,0x00,0x7c,0xce,0xa6,0x3b,0x19,0x78,0xa5,
    0x88,0x6e,0xb8,0xa8,0xb9,0x39,0xf5,0xa9,0x1f,0x0d,0xd2,0x03,0x35,0x85,0xca,0x48,
    0xda,0x46,0x3e,0xae,0xb4,0xa4,0x0d,0x81,0xb6,0xa5,0xdd,0x69,0xa9,0x00,0x0f,0x48,
    0xa4,0x2f,0x6d,0xd3,0x48,0x0a,0x2e,0x20,0x97,0x41,0x8d,0xaa,0xaf,0x7a,0x8a,0x2f,
    0x05,0x44,0x80,0x83,0xaa,0xcc,0x4d,0x23,0x17,0xe4,0x80,0x82,0xf2,0xa9,0x7d,0x8e,
    0x0b,0xea,0x84,0x12,0xd0,0x00,0x0a,0xe4,0x6a,0xac,0xbd,0xf1,0x61,0x18,0x29,0xe0,
    0x00,0x06,0x30,0xb0,0x55,0x69,0x9d,0xdb,0x9f,0xe6,0x36,0x24,0x02,0x28,0xca,0x00,
    0x0b,0x68,0xc0,0x94,0x80,0x58,0x1c,0xf0,0x10,0x04,0x03,0x13,0xa8,0x6b,0x38,0x51,
    0x74,0xa6,0x20,0xf1,0xd5,0x99,0xf4,0x01,0x6c,0x71,0xb0,0x83,0xbe,0xf8,0x58,0x00,
    0x02,0x0d,0x58,0x40,0x4b,0xf3,0x63,0x22,0x03,0xb4,0xd4,0x3f,0x0f,0xa0,0xc0,0x1a,
    0x3f,0xa0,0xa1,0x85,0x90,0xfa,0x86,0xb4,0x05,0xc1,0x40,0x06,0x2e,0xb0,0x1e,0x1a,
    0x5d,0x20,0x03,0x18,0xf8,0x63,0x69,0xad,0x43,0xa0,0x74,0x4a,0xb2,0x8e,0xa2,0x95,
    0xe3,0x3a,0x0d,0x94,0x1d,0xee,0x9c,0x4a,0x8e,0xd0,0x8d,0xae,0x74,0xa7,0x4b,0xdd,
    0xea,0x5a,0xf7,0xba,0xd8,0xcd,0xae,0x76,0xb7,0xcb,0xdd,0xee,0x7a,0xf7,0xbb,0xe0,
    0x0d,0xaf,0x78,0xc7,0x4b,0xde,0xf2,0x9a,0xf7,0xbc,0xe8,0x4d,0xaf,0x7a,0xd7,0xcb,
    0xde,0xf6,0xba,0xf7,0xbd,0xf0,0x8d,0xaf,0x7c,0xe7,0x4b,0xdf,0xfa,0xda,0xf7,0xbe,
    0xf8,0xcd,0xaf,0x7e,0xf7,0xcb,0xdf,0xfe,0xfa,0xf7,0xbf,0x00,0x0e,0xb0,0x80,0x07,
    0x4c,0xe0,0x02,0x1b,0xf8,0xc0,0x08,0x4e,0xb0,0x82,0x17,0xcc,0xe0,0x06,0x3b,0xf8,
    0xc1,0x10,0x8e,0xb0,0x84,0x27,0x4c,0xe1,0x0a,0x5b,0xf8,0xc2,0x18,0xce,0xb0,0x86,
    0x37,0xec,0x94,0x80,0x00,0x00,0x21,0xf9,0x04,0x08,0x0f,0x00,0x00,0x00,0x2c,0x00,
    0x00,0x00,0x00,0xf0,0x00,0xf0,0x00,0x84,0xff,0xff,0xff,0xfe,0xfe,0xfe,0xfd,0xfd,
    0xfd,0xfc,0xfc,0xfc,0xfb,0xfb,0xfb,0xf9,0xf9,0xf9,0xf2,0xf2,0xf2,0xee,0xee,0xee,
    0xeb,0xeb,0xeb,0xde,0xde,0xde,0xd0,0xd0,0xd0,0xc5,0xc5,0xc5,0xbe,0xbe,0xbe,0xb0,
    0xb0,0xb0,0x96,0x96,0x96,0x83,0x83,0x83,0x80,0x80,0x80,0x7d,0x7d,0x7d,0x67,0x67,
    0x67,0x56,0x56,0x56,0x44,0x44,0x44,0x41,0x41,0x41,0x38,0x38,0x38,0x2a,0x2a,0x2a,
    0x18,0x18,0x18,0x11,0x11,0x11,0x0b,0x0b,0x0b,0x04,0x04,0x04,0x03,0x03,0x03,0x02,
    0x02,0x02,0x01,0x01,0x01,0x00,0x00,0x00,0x08,0xff,0x00,0x3f,0x08,0x1c,0x48,0xb0,
    0xa0,0xc1,0x83,0x08,0x13,0x2a,0x5c,0xc8,0xb0,0xa1,0xc3,0x87,0x10,0x23,0x4a,0x9c,
    0x48,0xb1,0xa2,0xc5,0x8b,0x18,0x33,0x6a,0xdc,0xc8,0xb1,0xa3,0xc7,0x8f,0x20,0x43,
    0x8a,0x1c,0x49,0xb2,0xa4,0xc9,0x93,0x28,0x53,0xaa,0x5c,0xc9,0xb2,0xa5,0xcb,0x97,
    0x30,0x63,0xca,0x9c,0x49,0xb3,0xa6,0xcd,0x9b,0x38,0x73,0xea,0xdc,0xc9,0xb3,0xa7,
    0xcf,0x9f,0x40,0x83,0x0a,0x1d,0x4a,0xb4,0xa8,0xd1,0xa3,0x48,0x93,0x2a,0x5d,0xca,
    0xb4,0xa9,0xd3,0xa7,0x50,0xa3,0x4a,0x9d,0x4a,0xb5,0xaa,0xd5,0xab,0x58,0xb3,0x6a,
    0xdd,0xca,0xb5,0xab,0xd7,0xaf,0x60,0xc3,0x8a,0x1d,0x4b,0xb6,0xac,0xd9,0xb3,0x68,
    0xd3,0xaa,0x5d,0xcb,0xb6,0xad,0xdb,0xb7,0x70,0xe3,0xca,0x9d,0x4b,0xb7,0xae,0xdd,
    0xbb,0x78,0xf3,0xea,0xdd,0xcb,0xb7,0xaf,0xdf,0xbf,0x80,0x03,0x0b,0x1e,0x4c,0xb8,
    0xb0,0xe1,0xc3,0x88,0x13,0x2b,0x5e,0xcc,0xb8,0xb1,0xe3,0xc7,0x90,0x23,0x4b,0x9e,
    0x4c,0xb9,0xb2,0xe5,0xcb,0x98,0x33,0x6b,0xde,0xcc,0xb9,0xb3,0xe7,0xcf,0xa0,0x43,
    0x8b,0x1e,0x4d,0xba,0xb4,0xe9,0xd3,0xa8,0x53,0xab,0x5e,0xcd,0xba,0xb5,0xeb,0xd7,
    0xb0,0x63,0xcb,0x9e,0x4d,0xbb,0xb6,0xed,0xdb,0xb8,0x73,0xeb,0xde,0xcd,0xbb,0xb7,
    0xef,0xdf,0xc0,0x83,0x0b,0x1f,0x4e,0xbc,0xb8,0xf1,0xe3,0xc8,0x93,0x2b,0xd7,0xed,
    0xa1,0x03,0x87,0x0d,0xd0,0xa3,0x47,0xe7,0xe0,0x61,0x79,0x45,0xe7,0x0e,0x39,0x70,
    0xb0,0x0e,0xd1,0xc3,0xf6,0x0f,0x1c,0x2e,0x4c,0xff,0x80,0x40,0xbe,0x3c,0x79,0x09,
    0x16,0x34,0x08,0xec,0xd0,0x81,0x3b,0xc3,0xf6,0x1f,0x2e,0x40,0x50,0x40,0x00,0x80,
    0xfd,0xfb,0xf8,0x01,0x24,0x70,0x60,0x41,0xe0,0xf7,0xb9,0xde,0x49,0x27,0xe0,0x06,
    0x1c,0xc0,0x27,0xd5,0x76,0x1a,0x3c,0x50,0xc0,0x7d,0x03,0x10,0xe0,0xe0,0x83,0x0e,
    0x0e,0x10,0xc0,0x7d,0x0d,0x5c,0x00,0x5e,0x5c,0xde,0x19,0xb8,0x90,0x77,0xd5,0x3d,
    0xb5,0x9d,0x05,0x0a,0xd8,0x47,0x80,0x00,0x13,0xe6,0x97,0x9f,0x00,0x03,0x08,0x00,
    0xc0,0x01,0x13,0x7c,0xb0,0xc1,0x5b,0xff,0x65,0x50,0x81,0x04,0xe6,0x99,0x17,0x01,
    0x05,0x18,0x0c,0xf4,0xdf,0x52,0x1f,0x1e,0x00,0xc0,0x82,0x26,0x06,0x89,0x5f,0x7d,
    0x00,0x48,0xe0,0x62,0x5b,0x2f,0x6e,0x30,0x41,0x03,0x08,0x08,0x89,0x9f,0x01,0x0b,
    0x48,0x90,0x63,0x07,0x1d,0x26,0xd5,0xde,0x05,0x3e,0x0e,0xe0,0xe4,0x96,0x00,0xa0,
    0x58,0xe4,0x85,0x69,0x35,0xf7,0x01,0x05,0x0b,0xdc,0x27,0x00,0x84,0x68,0x8e,0x78,
    0x1f,0x02,0x46,0x7e,0xa0,0x61,0x51,0xcd,0x69,0x10,0xa2,0x96,0x5c,0x6e,0x29,0x80,
    0x00,0x06,0x58,0xf8,0xe6,0x58,0x62,0x42,0x60,0xdf,0x00,0x12,0xd6,0x19,0xc0,0x99,
    0xf6,0x35,0x90,0x81,0x9b,0x48,0x6d,0xf7,0x00,0x00,0x44,0xd6,0xb9,0xa5,0x96,0x0b,
    0x6c,0xb0,0x67,0x58,0x1e,0xbc,0xe8,0x00,0x00,0x80,0x3a,0x9a,0x5f,0x00,0x0b,0x2e,
    0x70,0xe8,0xa4,0x3f,0x5d,0x59,0x40,0xa0,0x9a,0x6e,0x59,0x5f,0x8b,0x2f,0x96,0xb5,
    0xdd,0xa5,0x05,0x94,0x58,0x2a,0x7e,0x9d,0x6a,0xff,0x40,0x65,0x51,0x2f,0xfa,0xd9,
    0xe8,0xab,0x41,0x4a,0xc8,0x00,0x7b,0xaa,0x7e,0x20,0xc1,0x8f,0xb8,0x06,0xb9,0xa0,
    0x03,0x60,0x0e,0x55,0x69,0x02,0x5d,0x06,0xeb,0x64,0x00,0x04,0xe8,0xc9,0xa7,0x07,
    0x18,0x18,0x70,0xa7,0xb2,0x26,0xd6,0x47,0x41,0xb1,0x40,0x89,0xea,0x2a,0xb5,0xf9,
    0x69,0x69,0x64,0xaa,0x61,0xad,0xca,0x28,0xb7,0x27,0x06,0xa0,0xc0,0x06,0x55,0x02,
    0xb5,0xdd,0x04,0x98,0x92,0x5b,0x2d,0x00,0xc4,0x82,0xfb,0x55,0x75,0x18,0x20,0x10,
    0xc0,0xb6,0xee,0x92,0x58,0x01,0xb6,0x3e,0xbd,0xb8,0xe8,0xad,0xee,0xb6,0xcb,0x00,
    0xa2,0x61,0xbd,0xf8,0x2b,0x9d,0x01,0x8b,0x08,0x2f,0xbf,0x3d,0xd5,0x3a,0x6e,0xc2,
    0x7f,0x02,0x30,0x30,0xa8,0x5a,0xad,0xca,0x2c,0xc4,0xf6,0xa9,0x98,0x00,0xba,0x42,
    0x39,0x0c,0xb0,0xbb,0x5a,0x4e,0x2c,0x56,0xa5,0x21,0xaa,0x88,0xf1,0xbd,0x06,0x4c,
    0x19,0x94,0xc7,0x18,0x0b,0x4c,0xf0,0xbc,0x1f,0x64,0xe0,0x23,0xbe,0x01,0xab,0x78,
    0xed,0x8e,0x0d,0x7f,0x60,0x6b,0xcb,0x21,0xbf,0xec,0x55,0x75,0x32,0x03,0x40,0x73,
    0xbe,0x00,0xec,0x8b,0x33,0x4f,0x2c,0x63,0xdc,0x33,0xc5,0x58,0x01,0x3d,0x73,0xcb,
    0xc9,0x1a,0xbd,0xb2,0xce,0x0f,0x43,0xbc,0x34,0xa5,0x31,0x3f,0xdd,0xb2,0x8a,0x52,
    0x03,0x95,0xb4,0xd5,0x12,0xfb,0xdc,0x95,0xd3,0x42,0x43,0xcd,0x35,0xc3,0x3b,0x7d,
    0x9d,0xf0,0xd5,0x60,0x91,0x3d,0x34,0xb9,0x67,0x1f,0x9d,0x36,0xd5,0x1f,0x93,0xcb,
    0x36,0xcc,0x41,0xbf,0xcd,0x6d,0xdc,0x53,0xef,0xff,0xac,0x74,0xd8,0x4c,0x5f,0xe5,
    0xb6,0xd9,0x45,0xa3,0xad,0x93,0xda,0x01,0xdf,0xfd,0x73,0xd6,0x65,0x6f,0x5d,0xb8,
    0xdc,0x87,0xd3,0xcd,0x33,0xe0,0x58,0xe7,0x4d,0x78,0xd7,0x3f,0x21,0x0e,0x32,0xe5,
    0x6d,0x33,0xae,0x37,0xb5,0x7c,0x7b,0x2d,0xf9,0xdf,0x22,0x77,0x6e,0xb9,0xe3,0x98,
    0xf7,0x3b,0x3a,0xd8,0xa5,0xe3,0xad,0x35,0xc6,0xa1,0x67,0xbe,0xfa,0xda,0x9c,0xbb,
    0xde,0x38,0xec,0x8f,0xf7,0x5d,0x35,0xed,0xad,0x2f,0x7e,0x3a,0xee,0xa9,0xe7,0xec,
    0x37,0xeb,0x62,0x73,0x35,0x38,0xea,0x86,0xe7,0xa4,0xb9,0xdd,0xb5,0xfb,0xfe,0x3a,
    0xc4,0xb1,0xab,0x3e,0x3c,0xef,0xc5,0x6f,0x75,0x3c,0xf0,0xc9,0xe3,0xe4,0xef,0xee,
    0x89,0x03,0xb0,0x40,0xf5,0x5a,0x5d,0x0f,0x7d,0xee,0xa2,0x1f,0xdc,0x72,0x7d,0xc4,
    0x42,0x9e,0x95,0xf8,0x09,0x47,0xdf,0x53,0x7b,0x16,0x90,0x0a,0x71,0x7d,0xdf,0x56,
    0xfe,0x7c,0xfb,0xe4,0xff,0x54,0x9d,0x06,0x4d,0x7e,0x8e,0xeb,0x84,0xfd,0x09,0x9c,
    0x55,0x80,0x66,0x80,0xdb,0x8d,0xef,0x66,0x42,0xb1,0x58,0xdd,0x94,0x45,0xa2,0x73,
    0xa5,0xeb,0x67,0x1e,0xd0,0x00,0xb2,0x4c,0x76,0xb2,0x02,0x38,0x2b,0x28,0x1f,0x6a,
    0x57,0xc2,0xea,0x13,0x81,0x23,0x89,0x65,0x3b,0x0d,0x08,0x00,0xc2,0x12,0x36,0xa1,
    0x04,0xa8,0xe7,0x81,0x3e,0x29,0x50,0x03,0x34,0x08,0xb7,0x00,0x24,0x20,0x03,0xb3,
    0x12,0x8b,0xc1,0xb8,0xe7,0xae,0xfa,0x34,0x20,0x7b,0x3a,0xa1,0x12,0x96,0xa6,0xc5,
    0x2d,0x4e,0x01,0xa0,0x45,0xea,0xdb,0xca,0x95,0xff,0x0c,0x70,0xaf,0xbf,0x01,0xb1,
    0x28,0xeb,0xc2,0x14,0x05,0x83,0x35,0x2c,0x1c,0x6e,0x05,0x84,0x34,0x04,0x9d,0x00,
    0x10,0xa0,0x01,0x0f,0xa0,0xb0,0x7c,0x11,0xc3,0x95,0x97,0xe2,0x75,0xc5,0xaf,0x50,
    0x29,0x7e,0xf2,0x23,0x17,0xfd,0x9c,0x88,0x34,0x5f,0x15,0x90,0x00,0x61,0x74,0x12,
    0xa1,0x16,0x16,0x43,0xb3,0x88,0x0b,0x48,0xcc,0x8b,0x54,0x1b,0x8d,0xf2,0x22,0x0b,
    0x30,0x80,0x41,0x68,0x04,0x94,0x1e,0x01,0xe5,0xa0,0x12,0x25,0xa0,0x45,0x73,0x2c,
    0x8b,0x77,0x38,0x50,0x26,0x38,0x2a,0x4b,0x4b,0x07,0xb8,0x80,0x98,0x94,0xf2,0x9d,
    0x09,0x30,0x60,0x81,0xf9,0x51,0x40,0x04,0x0e,0x15,0xc4,0x91,0x79,0x20,0x03,0x85,
    0xf4,0x9f,0x90,0x16,0x74,0x80,0x00,0x36,0x25,0x86,0x17,0x90,0x80,0x03,0x18,0x40,
    0xca,0x52,0x92,0xd2,0x01,0xe8,0xf9,0x4e,0x25,0xc7,0xd2,0x9e,0x0c,0xdc,0x91,0x51,
    0x9a,0xb4,0x0f,0xb3,0x34,0xd6,0x9f,0x55,0x12,0x85,0x3a,0x0f,0xe1,0x58,0x47,0x06,
    0x29,0x40,0x91,0xf0,0x92,0x23,0xf0,0x89,0x40,0x01,0xbb,0x94,0xc7,0x3d,0xee,0x11,
    0x8d,0xf7,0x71,0x00,0x25,0xa7,0xd2,0x01,0xe8,0xb0,0xe7,0x99,0xcf,0x7c,0x0e,0x2e,
    0x3d,0xb2,0xa3,0x02,0xa9,0xa4,0x52,0x04,0x99,0x66,0x46,0xc4,0x74,0x81,0x07,0x20,
    0xcb,0x51,0x06,0x70,0xc0,0xb5,0xc0,0x97,0x97,0xfd,0x55,0xa0,0x02,0x39,0x72,0x51,
    0x17,0x3d,0xe2,0x1d,0x81,0x68,0xe0,0x9c,0xe9,0x5c,0xe7,0x44,0xbe,0xa3,0x01,0x0a,
    0x44,0xa0,0x01,0xa6,0xcc,0xe7,0x03,0x26,0x90,0xff,0x4e,0x6d,0xf6,0x45,0x4c,0x11,
    0xf8,0x66,0x38,0x2d,0x04,0x1e,0x79,0x66,0xe4,0x3b,0x19,0x80,0x80,0x40,0x95,0xf9,
    0x01,0x83,0x46,0xa4,0x99,0x10,0xd1,0x8e,0x60,0xda,0x73,0xa9,0x2e,0x99,0xcc,0x00,
    0x10,0x48,0xa7,0x2e,0x39,0x92,0x21,0x17,0x49,0xe0,0x9b,0x3c,0xf4,0x54,0x20,0x31,
    0x12,0xa0,0x02,0x41,0x33,0x9a,0x04,0xea,0xa5,0x5d,0xb6,0x53,0x81,0x1f,0x99,0x4c,
    0x84,0xf6,0x61,0x53,0xaa,0x9c,0xe3,0x50,0x86,0x0c,0x72,0x20,0x14,0x08,0x11,0x2c,
    0x65,0xb9,0x20,0x08,0x78,0xd0,0x35,0x20,0x5c,0xe3,0x7d,0x2e,0x06,0x00,0x05,0x48,
    0x69,0x20,0x29,0xad,0x29,0x41,0x9c,0x03,0x2e,0x0d,0x38,0xf2,0x4f,0x4b,0xb4,0xa8,
    0x09,0x95,0x2a,0x9a,0xf6,0x94,0x69,0x84,0x43,0xa5,0x93,0x01,0x1a,0x30,0x01,0xf5,
    0xe8,0x28,0xa9,0x56,0x0c,0xab,0x15,0x99,0xba,0x51,0x0e,0x58,0xc0,0x01,0xdf,0x1c,
    0x54,0x90,0x26,0x64,0x80,0x43,0x51,0x15,0x34,0x41,0x85,0xa4,0x97,0xec,0xb3,0x9f,
    0x09,0x5c,0xc0,0x96,0x04,0xc1,0x00,0x05,0xe6,0x63,0x26,0xac,0xe2,0xe7,0x4e,0x53,
    0x85,0x0d,0x4b,0x5d,0xba,0x25,0x11,0x52,0x70,0x00,0x0a,0x70,0xc0,0x8d,0x2e,0x90,
    0x81,0xc6,0x3a,0xb6,0xb1,0x18,0x98,0x91,0x03,0x16,0x00,0x47,0x11,0x7e,0xce,0x87,
    0x3e,0x95,0x57,0x6b,0x28,0x0a,0x55,0x2e,0x9d,0x09,0xab,0x02,0x38,0x80,0x68,0x47,
    0x2b,0x5a,0x43,0x12,0x33,0xaa,0x26,0x82,0xa9,0xf7,0x60,0xf8,0xd6,0xd0,0x00,0xf4,
    0x9b,0x69,0x5c,0xeb,0x99,0x90,0xa9,0xc6,0x08,0xff,0x69,0x52,0xb5,0xe1,0x74,0x2b,
    0x6d,0xf6,0x27,0x01,0x9d,0x8e,0x28,0x96,0x42,0xbb,0x97,0x70,0x87,0x5b,0xaa,0xb9,
    0x22,0x20,0xa3,0x02,0x69,0x6d,0x69,0xbe,0xb3,0x81,0x8f,0xde,0x47,0x4d,0x50,0xc3,
    0x0f,0xb3,0x4a,0x54,0x80,0x07,0xf4,0x53,0xb9,0xa6,0x69,0xe7,0x07,0x30,0x20,0x81,
    0x05,0xbc,0x14,0x8d,0xc0,0x15,0xd4,0x67,0xef,0x63,0x54,0x82,0x6e,0x34,0x37,0xda,
    0x8d,0xcf,0x03,0x74,0x9a,0xb1,0xdf,0x32,0x90,0xb6,0x74,0x15,0x67,0xaa,0xfc,0xc9,
    0x1b,0x0e,0xf9,0x87,0x02,0xa3,0xf4,0xd1,0x73,0xc1,0x5b,0xc4,0x4d,0xdd,0x0b,0x45,
    0x04,0x70,0x15,0x94,0x1c,0xd0,0x55,0x1d,0xa9,0xf4,0x36,0x10,0x1d,0x48,0x06,0x26,
    0xe0,0x00,0x05,0xf8,0x75,0x50,0x77,0xe2,0x61,0x7e,0xf6,0x73,0x54,0x1d,0xd1,0x97,
    0x38,0x01,0x32,0x50,0x78,0x22,0x30,0x59,0xd1,0x0e,0x13,0x56,0xa2,0x55,0x40,0x03,
    0x20,0x40,0x01,0xaf,0x36,0x54,0x3b,0xd8,0xed,0x4d,0x80,0x0a,0x02,0x59,0x0b,0x9c,
    0xf3,0xc5,0x18,0x68,0x6c,0x35,0x25,0xe5,0x9e,0x84,0x34,0x87,0x40,0x35,0x95,0x66,
    0x8a,0x97,0x13,0x56,0xed,0xf8,0xb8,0x40,0x61,0xad,0xb1,0x90,0x87,0x4c,0xe4,0x22,
    0x1b,0xf9,0xc8,0x48,0x4e,0xb2,0x92,0x97,0xcc,0xe4,0x26,0x3b,0xf9,0xc9,0x50,0x8e,
    0xb2,0x94,0xa7,0x4c,0xe5,0x2a,0x5b,0xf9,0xca,0x58,0xce,0xb2,0x96,0xb7,0xcc,0xe5,
    0x2e,0x7b,0xf9,0xcb,0x60,0x0e,0xb3,0x98,0xc7,0x4c,0xe6,0x32,0x9b,0xf9,0xcc,0x68,
    0x4e,0xb3,0x9a,0xd7,0xcc,0xe6,0x36,0xbb,0xf9,0x32,0xcd,0x70,0x8e,0xb3,0x9c,0xe7,
    0x4c,0xe7,0x3a,0xdb,0xf9,0xce,0x78,0xce,0xb3,0x9e,0xf7,0xcc,0xe7,0x3e,0xfb,0xf9,
    0xcf,0x80,0x0e,0xb4,0xa0,0x07,0x4d,0xe8,0x42,0x1b,0xfa,0xd0,0x88,0x4e,0xb4,0xa2,
    0x17,0xcd,0xe8,0x46,0x3b,0xfa,0xd1,0x90,0x36,0x4a,0x40,0x00,0x00,0x21,0xf9,0x04,
    0x08,0x0c,0x00,0x00,0x00,0x2c,0x00,0x00,0x00,0x00,0xf0,0x00,0xf0,0x00,0x84,0xff,
    0xff,0xff,0xfe,0xfe,0xfe,0xfd,0xfd,0xfd,0xfc,0xfc,0xfc,0xfb,0xfb,0xfb,0xfa,0xfa,
    0xfa,0xf1,0xf1,0xf1,0xee,0xee,0xee,0xed,0xed,0xed,0xe2,0xe2,0xe2,0xcf,0xcf,0xcf,
    0xc3,0xc3,0xc3,0xbe,0xbe,0xbe,0xb6,0xb6,0xb6,0x96,0x96,0x96,0x83,0x83,0x83,0x80,
    0x80,0x80,0x79,0x79,0x79,0x62,0x62,0x62,0x50,0x50,0x50,0x42,0x42,0x42,0x40,0x40,
    0x40,0x36,0x36,0x36,0x2c,0x2c,0x2c,0x1b,0x1b,0x1b,0x11,0x11,0x11,0x0b,0x0b,0x0b,
    0x04,0x04,0x04,0x03,0x03,0x03,0x02,0x02,0x02,0x01,0x01,0x01,0x00,0x00,0x00,0x08,
    0xff,0x00,0x3f,0x08,0x1c,0x48,0xb0,0xa0,0xc1,0x83,0x08,0x13,0x2a,0x5c,0xc8,0xb0,
    0xa1,0xc3,0x87,0x10,0x23,0x4a,0x9c,0x48,0xb1,0xa2,0xc5,0x8b,0x18,0x33,0x6a,0xdc,
    0xc8,0xb1,0xa3,0xc7,0x8f,0x20,0x43,0x8a,0x1c,0x49,0xb2,0xa4,0xc9,0x93,0x28,0x53,
    0xaa,0x5c,0xc9,0xb2,0xa5,0xcb,0x97,0x30,0x63,0xca,0x9c,0x49,0xb3,0xa6,0xcd,0x9b,
    0x38,0x73,0xea,0xdc,0xc9,0xb3,0xa7,0xcf,0x9f,0x40,0x83,0x0a,0x1d,0x4a,0xb4,0xa8,
    0xd1,0xa3,0x48,0x93,0x2a,0x5d,0xca,0xb4,0xa9,0xd3,0xa7,0x50,0xa3,0x4a,0x9d,0x4a,
    0xb5,0xaa,0xd5,0xab,0x58,0xb3,0x6a,0xdd,0xca,0xb5,0xab,0xd7,0xaf,0x60,0xc3,0x8a,
    0x1d,0x4b,0xb6,0xac,0xd9,0xb3,0x68,0xd3,0xaa,0x5d,0xcb,0xb6,0xad,0xdb,0xb7,0x70,
    0xe3,0xca,0x9d,0x4b,0xb7,0xae,0xdd,0xbb,0x78,0xf3,0xea,0xdd,0xcb,0xb7,0xaf,0xdf,
    0xbf,0x80,0x03,0x0b,0x1e,0x4c,0xb8,0xb0,0xe1,0xc3,0x88,0x13,0x2b,0x5e,0xcc,0xb8,
    0xb1,0xe3,0xc7,0x90,0x23,0x4b,0x9e,0x4c,0xb9,0xb2,0xe5,0xcb,0x98,0x33,0x6b,0xde,
    0xcc,0xb9,0xb3,0xe7,0xcf,0xa0,0x43,0x8b,0x1e,0x4d,0xba,0xb4,0xe9,0xd3,0xa8,0x53,
    0xab,0x5e,0xcd,0xba,0xb5,0xeb,0xd7,0xb0,0x63,0xcb,0x9e,0x4d,0xbb,0xb6,0xed,0xdb,
    0xb8,0x73,0xeb,0xde,0xcd,0xbb,0xb7,0xef,0xdf,0xc0,0x83,0x0b,0x1f,0x4e,0xbc,0xb8,
    0xf1,0xe3,0xc8,0x93,0x2b,0xd7,0xed,0x81,0xc3,0x86,0xe7,0xd0,0xa1,0x73,0xe8,0xb0,
    0xbc,0x62,0x73,0xea,0x0c,0x9b,0x7b,0xa8,0x0e,0x91,0xc3,0xc0,0x0c,0x15,0x22,0x40,
    0xff,0x18,0x4f,0x1e,0x42,0x04,0x0a,0x18,0x06,0x7a,0xe7,0xce,0x70,0xc3,0x87,0x0d,
    0x13,0x1a,0x20,0x00,0x40,0xbf,0xbe,0x7d,0x00,0x06,0x16,0x48,0x48,0xdf,0x61,0xfb,
    0x5c,0x0f,0x1d,0x38,0x17,0xdd,0x80,0x1c,0xf8,0x17,0x15,0x80,0x1f,0x50,0xb0,0x40,
    0x7d,0x02,0x10,0xe0,0xe0,0x83,0x0f,0x0a,0x50,0x5f,0x02,0x12,0x08,0x84,0xdd,0x5b,
    0x01,0x3e,0xc4,0xc1,0x7a,0x4e,0x21,0x08,0x01,0x7d,0x03,0x0c,0x10,0xc0,0x7d,0x24,
    0x06,0xd0,0x20,0x7d,0x0d,0x64,0xf0,0xc1,0x85,0x6b,0x35,0x27,0x10,0x07,0x17,0x4c,
    0x50,0xde,0x8c,0x12,0x58,0xa0,0x81,0x85,0x2c,0x26,0xe5,0x81,0x7b,0x0e,0x00,0x10,
    0x22,0x89,0x40,0xda,0x17,0x40,0x01,0x00,0x28,0xa0,0x62,0x8e,0x67,0x61,0x77,0x01,
    0x04,0x0a,0x10,0x10,0xa4,0x7d,0x09,0x38,0x60,0xc1,0x8b,0x4c,0x79,0xd7,0x63,0x01,
    0x23,0x3e,0xa9,0x25,0x91,0x0a,0x68,0xd0,0x9f,0x5a,0xde,0x69,0xf0,0x00,0x91,0x20,
    0x42,0x68,0xa6,0x88,0xf5,0x35,0x70,0xc1,0x07,0x1c,0x1e,0xe5,0x9d,0x04,0x00,0x90,
    0xa9,0xe5,0x9c,0x44,0x3a,0xc0,0x66,0x5a,0xde,0x5d,0xa0,0x00,0x7d,0x04,0x08,0x90,
    0xa5,0x96,0x02,0x0c,0x20,0x21,0x02,0x13,0xbc,0x87,0x94,0x07,0x1e,0x60,0x60,0x80,
    0x00,0x12,0xce,0xe9,0xa8,0x93,0x14,0xdc,0x69,0x96,0x77,0x16,0x1c,0x10,0xa7,0xa3,
    0x40,0x3a,0x09,0x40,0x85,0xee,0x19,0x65,0x25,0x00,0x9a,0x62,0x0a,0x68,0x00,0x0a,
    0x6c,0x60,0xe0,0x58,0xd4,0x5d,0x60,0xe9,0x00,0xa2,0x02,0x19,0xe8,0xa6,0x92,0x0e,
    0xff,0xb5,0x5d,0x06,0x08,0x04,0xf0,0x67,0xab,0x41,0xfa,0x19,0x69,0x9b,0x60,0x01,
    0xa8,0xc1,0x9e,0xac,0xe2,0x4a,0x22,0xa3,0x06,0xac,0x89,0xa4,0x4f,0xee,0xc1,0x19,
    0xac,0xb0,0x41,0x3a,0x69,0x27,0xaf,0x5f,0x79,0xf7,0x00,0xa8,0xcc,0x02,0xc9,0xea,
    0x02,0x1b,0x1c,0xdb,0x93,0x95,0x01,0x84,0x5a,0xed,0x7d,0x12,0x26,0x60,0x2a,0xaa,
    0x1f,0x60,0x50,0x00,0x9a,0xdf,0xde,0xe7,0x64,0xa1,0x9d,0x06,0xb5,0xe3,0x9e,0x8d,
    0xa6,0x2b,0x64,0x00,0x06,0xf0,0x27,0x96,0x7b,0x1f,0x7a,0x2b,0xaf,0x8f,0x01,0x30,
    0xd0,0x81,0xb6,0x3a,0xcd,0x6a,0xe9,0xad,0xfb,0x02,0x20,0xe1,0xae,0x62,0xed,0x98,
    0x80,0xc1,0x05,0x0b,0x49,0x80,0xb1,0xee,0x7e,0x90,0xc1,0xc0,0x0d,0x33,0x08,0x00,
    0xc2,0x60,0xa5,0x8a,0x65,0xc5,0xf5,0xb1,0xca,0x69,0xc4,0x13,0x03,0x40,0xf0,0xbe,
    0x07,0xc7,0xea,0x95,0x77,0x13,0xf8,0xc8,0x31,0x9f,0x00,0xd8,0xd9,0xae,0x4f,0x02,
    0x8b,0xbc,0x72,0xc9,0xd0,0x6e,0xe5,0xde,0xb4,0xfa,0x16,0xcc,0x2a,0x03,0x2b,0x82,
    0x4c,0x31,0xc7,0x34,0x87,0x85,0x2f,0xb5,0x2b,0xef,0xdc,0x33,0x50,0x31,0x8f,0x2c,
    0x6f,0xd0,0x60,0x0d,0x9d,0xf3,0xbe,0x46,0x03,0x8c,0x53,0xd2,0x33,0x5f,0x6c,0x72,
    0x57,0x4e,0xaf,0xac,0x32,0xcf,0x52,0xdf,0x44,0x35,0xd0,0x56,0xd7,0xac,0x55,0xd6,
    0x45,0x03,0xc0,0xb5,0xcf,0x32,0x83,0x8d,0xf1,0x57,0x64,0x73,0x1c,0x35,0xda,0x4a,
    0xa7,0xcb,0x34,0xdb,0x1f,0xe4,0xab,0xf5,0xdb,0x48,0x4b,0xfc,0x73,0xc5,0x73,0x7b,
    0xff,0xd5,0x76,0xc5,0x78,0xff,0xf4,0x35,0xdf,0x61,0x0b,0x5d,0x37,0xd1,0x6e,0x9b,
    0x7d,0xb4,0xe0,0x7a,0xa7,0x4d,0xf8,0xda,0x7e,0x1f,0xfe,0xb4,0xbc,0x81,0xc3,0xdc,
    0x78,0xdc,0xdf,0xf6,0x8d,0xb5,0xe4,0x77,0x2b,0xde,0xb5,0x4d,0x83,0x37,0xac,0x39,
    0x57,0x7f,0x37,0x5c,0x79,0x4f,0xa1,0x17,0x3c,0xba,0xcd,0x9c,0x97,0x7d,0x76,0xde,
    0x21,0x63,0x5e,0xed,0xea,0x63,0xb7,0x9e,0xf8,0xeb,0x8c,0xc7,0x5e,0x35,0xe4,0x9b,
    0xdb,0xed,0xfa,0xe2,0x96,0xeb,0xae,0xf6,0xd5,0xa4,0xdb,0x0e,0xb8,0xe7,0x70,0xef,
    0x4e,0x3c,0xeb,0xbe,0xdf,0x0e,0x3c,0xea,0x12,0xcf,0x27,0x3b,0xb3,0x12,0x56,0xb0,
    0x7c,0xed,0xcd,0x1f,0x8f,0x7b,0xf0,0x06,0x38,0x2e,0x7a,0xe1,0x4d,0x1b,0x6f,0x3a,
    0xf2,0x48,0x7b,0xa0,0xc1,0xc2,0xf1,0x36,0x3c,0x24,0xc4,0xe1,0x67,0x3f,0xfe,0xf6,
    0x3e,0x79,0xd7,0x40,0x00,0xcb,0x16,0x3c,0x62,0x02,0x37,0x9e,0xda,0x3b,0xe2,0xda,
    0x3f,0xdf,0x93,0x7b,0x11,0xe0,0xdf,0xbe,0x9c,0xd4,0x80,0xeb,0xd5,0x0e,0x67,0x9d,
    0x5b,0x80,0xff,0x78,0x92,0x2a,0x03,0xd8,0xea,0x78,0x15,0x12,0x5b,0xed,0x94,0xa5,
    0x35,0x67,0x19,0x50,0x27,0xf2,0x13,0x60,0xe6,0x04,0x80,0x00,0x0d,0x20,0x4a,0x2c,
    0xa9,0x42,0x17,0xc7,0x9c,0xf4,0x31,0xa1,0xf4,0xc7,0x02,0x21,0x9a,0x1e,0xa6,0x48,
    0x78,0xc1,0xac,0x6c,0xe7,0x7c,0xde,0xb3,0x1f,0x00,0xa6,0xf4,0x39,0x9c,0x7c,0x4a,
    0x4e,0xdf,0xba,0x56,0xb6,0xf4,0x17,0xad,0x0f,0x38,0xa0,0x5b,0x40,0x23,0xd5,0xb8,
    0xff,0x88,0xd2,0x1c,0x0e,0x2c,0x08,0x87,0xc2,0x62,0xd5,0x01,0x30,0x80,0x20,0xb2,
    0x50,0x4a,0x65,0x15,0x73,0x52,0x04,0x0c,0x55,0x14,0x44,0x65,0x60,0x4f,0x1b,0x13,
    0x16,0x91,0x0e,0x40,0xc3,0xb3,0x4c,0xa7,0x01,0x50,0x24,0x59,0x00,0x12,0x90,0x81,
    0x2f,0x19,0x85,0x3a,0x19,0x00,0x23,0xa8,0x54,0x28,0xb2,0x3e,0x01,0x20,0x01,0x53,
    0x92,0xe0,0x57,0xfa,0x83,0x81,0x03,0x30,0x6a,0x5f,0x43,0x02,0x40,0xa1,0xe4,0xf8,
    0x13,0xec,0x44,0xa0,0x7b,0x06,0x23,0x40,0x88,0x06,0x49,0x48,0x41,0xd6,0xc7,0x01,
    0x2a,0xe2,0x63,0x0f,0x53,0x26,0x28,0x79,0xd5,0xa9,0x85,0x48,0x4b,0xd5,0x03,0x16,
    0xe6,0x28,0x03,0x38,0x20,0x52,0x0b,0x2c,0x4b,0xb2,0x40,0x34,0x3b,0x56,0xb9,0x8c,
    0x87,0x6e,0x12,0x88,0x06,0x28,0x10,0x81,0x06,0x30,0xe0,0x94,0xa8,0x64,0x40,0x03,
    0x1e,0x30,0x81,0xf4,0xb0,0x09,0x94,0x67,0x49,0x56,0xf7,0x04,0xc9,0xc6,0x40,0xd2,
    0xc7,0x4e,0x66,0x6c,0x4a,0x07,0x5e,0xb6,0x90,0x0d,0x7d,0x24,0x40,0x05,0x72,0x09,
    0x30,0x61,0x49,0x11,0xf7,0x58,0x80,0x01,0x1d,0x13,0x24,0x21,0x0b,0x49,0x80,0x2c,
    0x25,0xa0,0x50,0xb9,0x7c,0x4a,0x73,0x36,0x30,0x9d,0x7f,0x59,0x33,0x40,0xd4,0xac,
    0xa1,0x44,0xa2,0xa9,0xc8,0x8f,0x04,0x53,0x3d,0x1c,0x59,0x8f,0x04,0x1a,0x30,0x39,
    0x12,0x29,0x20,0x02,0x89,0x0c,0x8c,0x92,0x2a,0x60,0x01,0xea,0xb8,0xc8,0x24,0x19,
    0xfa,0xc0,0x05,0xd8,0x49,0x1d,0x6d,0x3a,0xc4,0x8c,0x17,0x90,0x80,0x03,0x52,0xc9,
    0xff,0x4f,0x07,0x44,0xc0,0x02,0xeb,0xe9,0x26,0x5d,0xa8,0x73,0x4c,0x32,0x29,0xa0,
    0x42,0x2b,0xb2,0x27,0x45,0xde,0x49,0x01,0x72,0xd2,0x47,0x01,0xd0,0xec,0xc8,0x37,
    0x1d,0x32,0xc4,0xbf,0xf4,0x47,0x55,0xf4,0xf1,0x13,0x7d,0x18,0x80,0xc9,0xe9,0x10,
    0xb3,0x22,0xbb,0x14,0xc8,0x05,0x7a,0x94,0xd1,0x2c,0x55,0x48,0xa1,0xf7,0x7c,0xce,
    0x35,0x57,0xea,0x9c,0x89,0x02,0xa6,0x3f,0x47,0x64,0x50,0xb0,0xd4,0xa4,0x1e,0x94,
    0x22,0x64,0x97,0xfe,0xc1,0x80,0x03,0x88,0x44,0xbf,0xfa,0x34,0xd3,0x00,0x19,0xf8,
    0xa0,0x6b,0x34,0x96,0x3e,0x10,0x49,0xa8,0x00,0x52,0xea,0xd4,0x8e,0xa2,0xd9,0x10,
    0x00,0x55,0x74,0x49,0xf3,0x09,0x63,0xc7,0x60,0xc5,0x4b,0xd5,0x78,0x87,0x02,0x0c,
    0xb3,0x56,0x7d,0x14,0x00,0x81,0x35,0xa9,0xe7,0x39,0x05,0x42,0x94,0x58,0xc5,0xba,
    0x21,0x6a,0x12,0xe4,0x02,0x11,0x58,0x40,0xb0,0x44,0x68,0x9f,0x3e,0x3d,0x80,0x8a,
    0xad,0x21,0xea,0x93,0xe8,0x97,0xa5,0x01,0x2c,0xe0,0x9f,0x02,0x1d,0x88,0x06,0x2c,
    0x90,0xd6,0x65,0xb1,0xf5,0x3e,0x1e,0x83,0x6b,0x5c,0x3d,0x10,0x53,0x40,0xd5,0x4f,
    0x01,0x0e,0x78,0x80,0x04,0x2a,0x90,0x81,0xc6,0x3a,0xd6,0xb1,0x16,0x98,0xc0,0x03,
    0x1a,0x40,0x49,0x3e,0xfd,0x55,0x5d,0xf4,0x0a,0xea,0x47,0x4d,0x73,0x51,0x4b,0xf1,
    0x4b,0x4b,0xf4,0x6b,0xe6,0x7d,0x0c,0x70,0x80,0xd2,0x9a,0xb6,0xb4,0xf7,0xe9,0xd6,
    0x65,0x01,0xdb,0xa8,0x93,0xca,0x86,0xa0,0x0e,0x95,0xea,0x93,0x1a,0x24,0xc8,0xa2,
    0xff,0x0a,0x69,0x00,0xb5,0xc5,0xd4,0x1d,0x8b,0x14,0xd1,0xd9,0x28,0x69,0xa7,0x06,
    0x5b,0x6d,0x90,0x6c,0x45,0xdc,0xe2,0xb6,0x8a,0x7e,0x33,0xa5,0x80,0x77,0x6c,0x4a,
    0x1a,0x7c,0xaa,0xd1,0x47,0xc2,0x55,0x1f,0x6e,0xeb,0xb3,0x00,0x4c,0x42,0x32,0xae,
    0xeb,0xa9,0x80,0x03,0x2a,0x9b,0x5b,0xbe,0x4d,0x97,0x3e,0x96,0x9c,0x80,0x7b,0x02,
    0xb4,0xd9,0xd8,0xfc,0x4b,0x94,0xe3,0x04,0x64,0x20,0x1b,0xc9,0xac,0xd0,0xc6,0xcb,
    0xae,0x11,0x70,0xe5,0x75,0x69,0xe3,0x4b,0x81,0x60,0xa0,0x94,0x95,0x5d,0xaf,0x9f,
    0x1e,0x98,0x5a,0x5b,0xe1,0xd6,0x5b,0x09,0x68,0x40,0x04,0xbc,0xba,0x22,0x97,0x02,
    0xe7,0x3a,0x7a,0x25,0x25,0x65,0x5d,0xc5,0xa8,0xdd,0x8e,0x76,0x01,0x10,0xa0,0xc0,
    0x8d,0x04,0xb2,0xa3,0xf2,0xfa,0x66,0x97,0x2c,0xd2,0x80,0x64,0x29,0x5b,0x5a,0xdb,
    0x96,0x16,0x01,0x0c,0xf0,0xa7,0x7c,0x57,0x94,0x2d,0xf6,0x50,0xb8,0xa5,0x04,0xd1,
    0x40,0x63,0x2f,0x40,0x81,0x16,0xb7,0xd8,0x02,0x8e,0x25,0xc8,0x8e,0x0c,0x6c,0xe2,
    0x81,0x4c,0xb3,0x86,0xbb,0x2c,0x71,0x8d,0x1d,0x22,0x56,0x60,0x6e,0xc8,0xa3,0x42,
    0xdd,0xb1,0x90,0x87,0x4c,0xe4,0x22,0x1b,0xf9,0xc8,0x48,0x4e,0xb2,0x92,0x97,0xcc,
    0xe4,0x26,0x3b,0xf9,0xc9,0x50,0x8e,0xb2,0x94,0xa7,0x4c,0xe5,0x2a,0x5b,0xf9,0xca,
    0x58,0xce,0xb2,0x96,0xb7,0xcc,0xe5,0x2e,0x7b,0xf9,0xcb,0x60,0x0e,0xb3,0x98,0xc7,
    0x4c,0xe6,0x32,0x9b,0xf9,0xcc,0x68,0x4e,0xb3,0x9a,0xd7,0xcc,0xe6,0x36,0xbb,0xf9,
    0x30,0xcd,0x70,0x8e,0xb3,0x9c,0xe7,0x4c,0xe7,0x3a,0xdb,0xf9,0xce,0x78,0xce,0xb3,
    0x9e,0xf7,0xcc,0xe7,0x3e,0xfb,0xf9,0xcf,0x80,0x0e,0xb4,0xa0,0x07,0x4d,0xe8,0x42,
    0x1b,0xfa,0xd0,0x88,0x4e,0xb4,0xa2,0x17,0xcd,0xe8,0x46,0x3b,0xfa,0xd1,0xc5,0x09,
    0x08,0x00,0x21,0xf9,0x04,0x08,0x0f,0x00,0x00,0x00,0x2c,0x00,0x00,0x00,0x00,0xf0,
    0x00,0xf0,0x00,0x84,0xff,0xff,0xff,0xfe,0xfe,0xfe,0xfd,0xfd,0xfd,0xfc,0xfc,0xfc,
    0xfb,0xfb,0xfb,0xfa,0xfa,0xfa,0xf1,0xf1,0xf1,0xee,0xee,0xee,0xed,0xed,0xed,0xe2,
    0xe2,0xe2,0xce,0xce,0xce,0xc2,0xc2,0xc2,0xbe,0xbe,0xbe,0xb6,0xb6,0xb6,0x97,0x97,
    0x97,0x83,0x83,0x83,0x80,0x80,0x80,0x76,0x76,0x76,0x60,0x60,0x60,0x4f,0x4f,0x4f,
    0x42,0x42,0x42,0x40,0x40,0x40,0x35,0x35,0x35,0x2c,0x2c,0x2c,0x1a,0x1a,0x1a,0x11,
    0x11,0x11,0x0b,0x0b,0x0b,0x04,0x04,0x04,0x03,0x03,0x03,0x02,0x02,0x02,0x01,0x01,
    0x01,0x00,0x00,0x00,0x08,0xff,0x00,0x3f,0x08,0x1c,0x48,0xb0,0xa0,0xc1,0x83,0x08,
    0x13,0x2a,0x5c,0xc8,0xb0,0xa1,0xc3,0x87,0x10,0x23,0x4a,0x9c,0x48,0xb1,0xa2,0xc5,
    0x8b,0x18,0x33,0x6a,0xdc,0xc8,0xb1,0xa3,0xc7,0x8f,0x20,0x43,0x8a,0x1c,0x49,0xb2,
    0xa4,0xc9,0x93,0x28,0x53,0xaa,0x5c,0xc9,0xb2,0xa5,0xcb,0x97,0x30,0x63,0xca,0x9c,
    0x49,0xb3,0xa6,0xcd,0x9b,0x38,0x73,0xea,0xdc,0xc9,0xb3,0xa7,0xcf,0x9f,0x40,0x83,
    0x0a,0x1d,0x4a,0xb4,0xa8,0xd1,0xa3,0x48,0x93,0x2a,0x5d,0xca,0xb4,0xa9,0xd3,0xa7,
    0x50,0xa3,0x4a,0x9d,0x4a,0xb5,0xaa,0xd5,0xab,0x58,0xb3,0x6a,0xdd,0xca,0xb5,0xab,
    0xd7,0xaf,0x60,0xc3,0x8a,0x1d,0x4b,0xb6,0xac,0xd9,0xb3,0x68,0xd3,0xaa,0x5d,0xcb,
    0xb6,0xad,0xdb,0xb7,0x70,0xe3,0xca,0x9d,0x4b,0xb7,0xae,0xdd,0xbb,0x78,0xf3,0xea,
    0xdd,0xcb,0xb7,0xaf,0xdf,0xbf,0x80,0x03,0x0b,0x1e,0x4c,0xb8,0xb0,0xe1,0xc3,0x88,
    0x13,0x2b,0x5e,0xcc,0xb8,0xb1,0xe3,0xc7,0x90,0x23,0x4b,0x9e,0x4c,0xb9,0xb2,0xe5,
    0xcb,0x98,0x33,0x6b,0xde,0xcc,0xb9,0xb3,0xe7,0xcf,0xa0,0x43,0x8b,0x1e,0x4d,0xba,
    0xb4,0xe9,0xd3,0xa8,0x53,0xab,0x5e,0xcd,0xba,0xb5,0xeb,0xd7,0xb0,0x63,0xcb,0x9e,
    0x4d,0xbb,0xb6,0xed,0xdb,0xb8,0x73,0xeb,0xde,0xcd,0xbb,0xb7,0xef,0xdf,0xc0,0x83,
    0x0b,0x1f,0x4e,0xbc,0xb8,0xf1,0xe3,0xc8,0x93,0x2b,0xcf,0xed,0x81,0xc3,0x86,0xe7,
    0xd0,0xa1,0x73,0xe8,0xb0,0xbc,0x62,0x73,0xea,0x0c,0x9b,0x7b,0xa8,0x0e,0x91,0xc3,
    0xc0,0x0c,0x15,0x22,0x40,0xff,0x18,0x4f,0x1e,0x42,0x04,0x0a,0x18,0x06,0x7a,0xe7,
    0xce,0x70,0xc3,0x87,0x0d,0x13,0x1a,0x20,0x00,0x40,0xbf,0xbe,0x7d,0x00,0x06,0x16,
    0x48,0x48,0xdf,0x61,0xfb,0x5c,0x0f,0x1d,0x38,0x17,0xdd,0x80,0x1c,0xf8,0x17,0x15,
    0x80,0x1f,0x50,0xa0,0x40,0x7d,0x02,0x10,0xe0,0xe0,0x83,0x0f,0x0a,0x50,0x5f,0x02,
    0x12,0x08,0x84,0xdd,0x5b,0x01,0x3e,0xc4,0xc1,0x7a,0x4e,0x21,0x08,0x01,0x7d,0x03,
    0x0c,0x10,0xc0,0x7d,0x24,0x06,0xd0,0x20,0x7d,0x0d,0x64,0xf0,0xc1,0x85,0x6b,0x35,
    0x27,0x10,0x07,0x17,0x4c,0x50,0xde,0x8c,0x12,0x58,0xa0,0x81,0x85,0x2c,0x26,0xe5,
    0x81,0x7b,0x0e,0x00,0x10,0x22,0x89,0x40,0xda,0x17,0x40,0x01,0x00,0x28,0xa0,0x62,
    0x8e,0x67,0x61,0x77,0x01,0x04,0x0a,0x10,0x10,0xa4,0x7d,0x09,0x38,0x60,0xc1,0x8b,
    0x4c,0x79,0xd7,0x63,0x01,0x23,0x3e,0xa9,0x25,0x91,0x0a,0x68,0xd0,0x9f,0x5a,0xde,
    0x69,0xf0,0x00,0x91,0x20,0x42,0x68,0xa6,0x88,0xf5,0x35,0x70,0xc1,0x07,0x1c,0x1e,
    0xe5,0x9d,0x04,0x00,0x90,0xa9,0xe5,0x9c,0x44,0x3a,0xc0,0x66,0x5a,0xde,0x59,0xb0,
    0x20,0x00,0x04,0x08,0x90,0xa5,0x96,0x02,0x0c,0x20,0x21,0x02,0x13,0xbc,0x87,0x94,
    0x07,0x1e,0x60,0x60,0x80,0x00,0x12,0xce,0xe9,0xa8,0x93,0x14,0xdc,0x69,0x56,0x9e,
    0x07,0xc4,0xe9,0x28,0x90,0x4e,0x02,0x50,0xa1,0x7b,0x46,0x59,0xc9,0xe7,0xa5,0x8e,
    0xfa,0xa9,0xc0,0x06,0x06,0x8e,0x45,0xdd,0x05,0x95,0x0e,0x00,0x2a,0x90,0x81,0x6a,
    0x2a,0xe9,0x50,0xdb,0x65,0xff,0x80,0x40,0x00,0x7f,0xae,0x1a,0xa4,0x9f,0x91,0xb6,
    0x09,0x16,0x80,0x1a,0x2c,0xa8,0xaa,0xad,0x24,0x32,0x6a,0xc0,0x9a,0x48,0xfa,0xe4,
    0x1e,0x9c,0xbf,0x02,0x1b,0xa4,0x93,0x76,0xea,0xfa,0x95,0x77,0x0f,0x7c,0xaa,0x2c,
    0x89,0xaa,0x2e,0xb0,0x41,0xb1,0x3d,0x59,0x19,0x40,0xa6,0xd3,0x06,0x0b,0x40,0x02,
    0xa4,0x9a,0xfa,0x01,0x06,0x05,0xa0,0xd9,0xed,0x7d,0x4e,0x6e,0x0a,0xeb,0x06,0x0b,
    0x36,0x7a,0xae,0x90,0x01,0x18,0xc0,0x9f,0x58,0xee,0x7d,0xc8,0xed,0xbb,0x20,0x06,
    0xc0,0x40,0x07,0xd8,0xea,0x14,0x6b,0xa5,0xb5,0xe2,0x0b,0x80,0x84,0xb9,0x8a,0xb5,
    0x63,0x02,0x03,0x0b,0x2c,0x24,0x01,0xc4,0x06,0xf5,0x2f,0x00,0x01,0xe3,0x4b,0xf0,
    0xab,0x5e,0x9d,0x8a,0xa5,0xc2,0xf6,0xa9,0xaa,0x2e,0x50,0x0f,0x47,0xfc,0xee,0xc4,
    0xce,0x6e,0xe5,0xdd,0x04,0x3e,0x62,0x5c,0x1f,0xb3,0x86,0x72,0xfc,0x41,0x06,0x00,
    0x9b,0x9c,0x70,0xc1,0x60,0xb9,0x17,0xed,0xbd,0x0a,0x57,0xbb,0xa2,0xc3,0x2b,0xb7,
    0x6c,0x32,0xc8,0x61,0xd5,0x2b,0xad,0xc9,0xaa,0x32,0x70,0xb3,0xca,0x2c,0x43,0xec,
    0x32,0xcf,0x31,0x7f,0x60,0xaf,0xcb,0x25,0x0b,0xdd,0x2f,0x4e,0x1d,0x1f,0x0d,0x00,
    0xcc,0x5f,0xf9,0x4c,0xb3,0xc0,0x41,0x0f,0xfd,0x53,0xd4,0x3b,0x4f,0x4d,0x71,0x57,
    0x56,0x33,0x9d,0xf5,0xd3,0x37,0x71,0x8d,0x31,0xd2,0x55,0x2b,0xfd,0x33,0xc6,0x63,
    0xe3,0x5c,0xb4,0xc7,0xe7,0xa2,0xed,0x55,0xd8,0x2e,0xb7,0x4d,0xb4,0xce,0x67,0x7b,
    0x1d,0xb2,0x56,0x74,0x03,0xff,0x0d,0x80,0xd3,0x6e,0xe3,0xad,0xb0,0xdc,0x60,0xab,
    0x7d,0x35,0xbe,0x76,0x6f,0x9d,0xb3,0xd1,0x5d,0x53,0x3d,0xb7,0xe1,0x62,0xff,0xad,
    0xb5,0x4f,0x66,0x0f,0xae,0x77,0xcf,0x90,0xd7,0x2d,0x39,0xd9,0x36,0x55,0x2e,0x30,
    0xe1,0x5c,0xf5,0xcd,0xf6,0xe6,0x81,0x33,0x9e,0xb7,0xe3,0x85,0x2f,0xad,0x39,0xe0,
    0x77,0x9b,0x6e,0x39,0xea,0xa1,0x67,0xee,0x37,0xeb,0x8a,0xbf,0x2d,0x35,0xec,0x5b,
    0x89,0x5e,0x33,0xe9,0xad,0xc3,0xdd,0x2d,0xe8,0xb9,0xcb,0x3e,0x3a,0xed,0x94,0x2f,
    0xee,0xfb,0xb4,0xc0,0xf3,0x2d,0xfc,0xee,0xc4,0xf7,0x14,0xeb,0x7c,0xc7,0x2b,0x2b,
    0x61,0x05,0x5f,0xc7,0xae,0xfa,0xec,0x93,0x3b,0xbf,0xb2,0x01,0xae,0x7f,0x7e,0x79,
    0xd2,0xd7,0x0f,0x9f,0x3d,0x4f,0x88,0x6a,0x80,0xb0,0xbb,0x0a,0x0f,0xd9,0x30,0xf8,
    0x6b,0x33,0x3f,0x3e,0x4f,0xde,0x35,0x10,0x40,0xb2,0x02,0x8f,0x98,0xc0,0x8d,0xa5,
    0xa6,0xde,0x3e,0xd6,0xbc,0x03,0xe5,0x5e,0x04,0xfb,0x3b,0x97,0x93,0x1a,0x50,0xbd,
    0xd8,0xcd,0x2c,0x72,0x0b,0x78,0xdf,0x4e,0x4e,0x65,0x00,0x5a,0x8d,0xae,0x42,0x7b,
    0x53,0x1e,0xb2,0x98,0x86,0xb2,0x08,0xea,0x24,0x7e,0x01,0x94,0x9e,0x00,0x10,0xa0,
    0x01,0x44,0x89,0x85,0x3a,0x16,0x30,0x97,0xc9,0x9c,0x14,0x81,0x94,0x05,0xa5,0x3f,
    0x21,0x14,0xa1,0x00,0x01,0x50,0x42,0x0b,0x66,0x65,0x3b,0xe6,0xeb,0x1e,0xbe,0x46,
    0x34,0x25,0xce,0xe1,0xc4,0x53,0x72,0xea,0x96,0xaa,0x46,0xf5,0xa5,0xb1,0x68,0xeb,
    0x70,0xbf,0x0b,0xc0,0xa8,0xff,0xf2,0xc7,0xb1,0x0d,0x2d,0xc0,0x52,0x3a,0x04,0xc0,
    0x01,0x30,0x80,0x20,0xb2,0xe4,0xa9,0x64,0x18,0x23,0xa1,0x09,0x61,0xe5,0x81,0x0c,
    0x2c,0xe8,0x62,0xc0,0x22,0xd2,0x01,0x6a,0x78,0x96,0xe9,0x34,0x00,0x8a,0x12,0x0b,
    0x40,0x02,0x32,0xd0,0xc3,0xa2,0x50,0x27,0x03,0x5f,0xe4,0x53,0xf4,0xe8,0xb3,0x2d,
    0x09,0x25,0x60,0x4a,0x2e,0xec,0x4a,0x7f,0x30,0x70,0x00,0x46,0xcd,0x90,0x48,0x85,
    0x8a,0x63,0x4f,0xb0,0x03,0x01,0xee,0x0d,0x8c,0x00,0x21,0x0a,0xa4,0x20,0x01,0x59,
    0x1f,0x07,0xa8,0x48,0x8f,0x5d,0x19,0x99,0x8f,0xd0,0xa7,0xac,0x3a,0x15,0x90,0x28,
    0x08,0xba,0xc0,0x03,0x10,0xe6,0x28,0x03,0x38,0x20,0x52,0x0a,0x24,0xcb,0xb1,0x40,
    0x84,0x3c,0x55,0xd9,0x29,0x5c,0x55,0x12,0x88,0x06,0x28,0x10,0x81,0x06,0x30,0xe0,
    0x94,0xa8,0x64,0x40,0x03,0x1e,0x30,0x81,0xf4,0xb0,0x89,0x88,0x68,0x39,0x16,0xf7,
    0x00,0xb9,0x46,0xfa,0x9c,0x08,0x00,0x76,0x2a,0x23,0x53,0x3a,0xc0,0xa9,0x86,0x6c,
    0xe8,0x23,0x01,0x2a,0x90,0x4b,0x82,0x09,0xcb,0x8a,0xb8,0xc7,0x02,0x0c,0xa8,0xcf,
    0x00,0x00,0x29,0xc8,0x41,0x12,0x20,0x4b,0x09,0x28,0x94,0x2e,0x3b,0xe4,0x9c,0xe9,
    0xf0,0xeb,0x9a,0x01,0xda,0xc0,0x74,0x80,0x59,0x2a,0x44,0x76,0x44,0x98,0xea,0xe1,
    0xc8,0x7a,0x24,0xd0,0x00,0x20,0x92,0x48,0x01,0x11,0x38,0x64,0x60,0x94,0x54,0x01,
    0x0b,0x50,0xc7,0x45,0x26,0xc9,0xd0,0x07,0x2e,0xd0,0x4e,0xea,0xd8,0xf0,0x21,0x3d,
    0xbc,0x80,0x04,0x1c,0x90,0xff,0xca,0x7e,0x3a,0x20,0x02,0x16,0x58,0x8f,0x37,0xe5,
    0x02,0x42,0x06,0x90,0x49,0x01,0x15,0x5a,0xd1,0x3d,0xad,0xb3,0x1e,0x0a,0x94,0x93,
    0x3e,0x0a,0x90,0xe6,0x37,0x8b,0x89,0x10,0x50,0xfe,0xa5,0x3f,0xa8,0xb2,0x65,0x96,
    0x18,0x80,0xc9,0xe9,0x50,0xb4,0x22,0xbc,0x14,0xc8,0x05,0x7a,0xa4,0x51,0xfa,0x54,
    0x68,0xa1,0xf8,0x7c,0x0e,0x36,0x57,0x5a,0xcd,0x8f,0xe6,0xa5,0x3f,0x47,0x94,0x53,
    0xab,0x00,0xa0,0xa6,0x81,0x68,0xd3,0xa5,0x0d,0xd1,0x8e,0x40,0x30,0xe0,0x00,0x22,
    0xcd,0xef,0x64,0xf1,0xca,0x80,0x07,0x5d,0x63,0x31,0x46,0x2e,0x32,0x4e,0x52,0xea,
    0xe5,0x4d,0x25,0xc2,0xcb,0x0b,0x2d,0x69,0x3e,0x60,0x54,0xa6,0xab,0x7a,0xc9,0x1a,
    0xef,0x50,0x20,0x61,0x40,0x4a,0x96,0x02,0x1e,0x10,0xd0,0x81,0xf0,0xf2,0xa6,0x88,
    0x0a,0x6b,0x58,0x37,0xb4,0xd4,0x9d,0x4a,0x60,0x01,0x99,0x52,0xe1,0xc9,0x04,0xf0,
    0x80,0x29,0xae,0xa6,0xa8,0x4f,0x9a,0xdf,0x9f,0xb6,0x4a,0x01,0x15,0x45,0x44,0x9f,
    0x0d,0xf0,0xa3,0x8f,0x7c,0xa7,0x31,0xb7,0xbe,0xd5,0x03,0x31,0x9d,0x53,0x83,0xfe,
    0x84,0x80,0x55,0x4a,0xa0,0x02,0x19,0x48,0xac,0x62,0x15,0x6b,0x81,0x09,0x3c,0xc0,
    0x01,0x0a,0x48,0x56,0x88,0x8e,0xf7,0x4c,0x03,0x08,0x15,0xa7,0xa4,0xc1,0x68,0xa5,
    0xf6,0x2a,0xd8,0x3e,0xdd,0xc7,0x00,0x07,0x08,0xad,0x68,0x43,0x4b,0x2d,0xb5,0x52,
    0xab,0x51,0x27,0x95,0x0d,0x08,0x1f,0x1a,0xd5,0xb8,0x2e,0x53,0x50,0xae,0x75,0x90,
    0x69,0x83,0xd5,0xa8,0x88,0xff,0x66,0xf2,0xad,0x22,0xed,0xe9,0xc0,0x66,0x1b,0x24,
    0x5a,0xf9,0xf6,0xb7,0xab,0x9a,0xdf,0xaf,0x1a,0x40,0x01,0xef,0xa0,0xd4,0x34,0xf9,
    0x4c,0xa3,0x8f,0x78,0x9b,0xbe,0x65,0xd6,0x47,0x01,0x98,0x7c,0x64,0x6c,0xe4,0x59,
    0x01,0x07,0x50,0x72,0xb9,0x46,0x3d,0xd7,0xfc,0xb8,0x65,0xc9,0x09,0xb8,0x27,0x40,
    0x98,0x7d,0x0d,0xbf,0x44,0x49,0x4e,0xbd,0x6e,0x8b,0xb9,0x5a,0xda,0xae,0x64,0x17,
    0x10,0x01,0x57,0x4a,0x17,0x37,0xbf,0x34,0x6b,0x03,0xf6,0x54,0x26,0x41,0xf9,0xb6,
    0x44,0xb4,0x7a,0xad,0x7d,0xf2,0xf3,0x80,0x35,0x59,0x08,0x9c,0xc2,0xb9,0x8e,0x7a,
    0x2c,0x50,0x4a,0xa8,0xde,0x87,0x51,0x08,0x06,0x12,0x02,0x18,0xc0,0x4a,0xf7,0xee,
    0x28,0xbc,0xbc,0xe1,0x65,0x9b,0x32,0x20,0x81,0x07,0x34,0x20,0x01,0xa1,0x35,0x6a,
    0x68,0x11,0xb0,0x80,0x7f,0xda,0xd5,0x42,0xd7,0x62,0x8f,0x40,0x9a,0x13,0xe2,0x81,
    0x68,0x20,0xb1,0x17,0xa0,0x80,0x8a,0x55,0x6c,0x01,0xc5,0x12,0x44,0xc2,0xc7,0x35,
    0xce,0x8e,0xb4,0xd9,0x90,0xaf,0x42,0x58,0xc4,0x1f,0x08,0x6b,0x30,0x37,0xe4,0xd1,
    0xa1,0xe2,0xf8,0xc7,0x40,0x0e,0xb2,0x90,0x87,0x4c,0xe4,0x22,0x1b,0xf9,0xc8,0x48,
    0x4e,0xb2,0x92,0x97,0xcc,0xe4,0x26,0x3b,0xf9,0xc9,0x50,0x8e,0xb2,0x94,0xa7,0x4c,
    0xe5,0x2a,0x5b,0xf9,0xca,0x58,0xce,0xb2,0x96,0xb7,0xcc,0xe5,0x2e,0x7b,0xf9,0xcb,
    0x60,0x0e,0xb3,0x98,0xc7,0x4c,0xe6,0x32,0x9b,0xf9,0xcc,0x68,0x4e,0xb3,0x9a,0xd7,
    0xcc,0xe6,0x36,0xbb,0xf9,0x2c,0xcd,0x70,0x8e,0xb3,0x9c,0xe7,0x4c,0xe7,0x3a,0xdb,
    0xf9,0xce,0x78,0xce,0xb3,0x9e,0xf7,0xcc,0xe7,0x3e,0xfb,0xf9,0xcf,0x80,0x0e,0xb4,
    0xa0,0x07,0x4d,0xe8,0x42,0x1b,0xfa,0xd0,0x88,0x4e,0xb4,0xa2,0x17,0xcd,0xe8,0x41,
    0x07,0x04,0x00,0x21,0xf9,0x04,0x08,0x0f,0x00,0x00,0x00,0x2c,0x00,0x00,0x00,0x00,
    0xf0,0x00,0xf0,0x00,0x84,0xff,0xff,0xff,0xfe,0xfe,0xfe,0xfd,0xfd,0xfd,0xfc,0xfc,
    0xfc,0xfb,0xfb,0xfb,0xf9,0xf9,0xf9,0xf2,0xf2,0xf2,0xee,0xee,0xee,0xeb,0xeb,0xeb,
    0xde,0xde,0xde,0xd0,0xd0,0xd0,0xc5,0xc5,0xc5,0xbe,0xbe,0xbe,0xb0,0xb0,0xb0,0x96,
    0x96,0x96,0x83,0x83,0x83,0x80,0x80,0x80,0x7d,0x7d,0x7d,0x67,0x67,0x67,0x56,0x56,
    0x56,0x44,0x44,0x44,0x41,0x41,0x41,0x38,0x38,0x38,0x2a,0x2a,0x2a,0x18,0x18,0x18,
    0x11,0x11,0x11,0x0b,0x0b,0x0b,0x04,0x04,0x04,0x03,0x03,0x03,0x02,0x02,0x02,0x01,
    0x01,0x01,0x00,0x00,0x00,0x08,0xff,0x00,0x3f,0x08,0x1c,0x48,0xb0,0xa0,0xc1,0x83,
    0x08,0x13,0x2a,0x5c,0xc8,0xb0,0xa1,0xc3,0x87,0x10,0x23,0x4a,0x9c,0x48,0xb1,0xa2,
    0xc5,0x8b,0x18,0x33,0x6a,0xdc,0xc8,0xb1,0xa3,0xc7,0x8f,0x20,0x43,0x8a,0x1c,0x49,
    0xb2,0xa4,0xc9,0x93,0x28,0x53,0xaa,0x5c,0xc9,0xb2,0xa5,0xcb,0x97,0x30,0x63,0xca,
    0x9c,0x49,0xb3,0xa6,0xcd,0x9b,0x38,0x73,0xea,0xdc,0xc9,0xb3,0xa7,0xcf,0x9f,0x40,
    0x83,0x0a,0x1d,0x4a,0xb4,0xa8,0xd1,0xa3,0x48,0x93,0x2a,0x5d,0xca,0xb4,0xa9,0xd3,
    0xa7,0x50,0xa3,0x4a,0x9d,0x4a,0xb5,0xaa,0xd5,0xab,0x58,0xb3,0x6a,0xdd,0xca,0xb5,
    0xab,0xd7,0xaf,0x60,0xc3,0x8a,0x1d,0x4b,0xb6,0xac,0xd9,0xb3,0x68,0xd3,0xaa,0x5d,
    0xcb,0xb6,0xad,0xdb,0xb7,0x70,0xe3,0xca,0x9d,0x4b,0xb7,0xae,0xdd,0xbb,0x78,0xf3,
    0xea,0xdd,0xcb,0xb7,0xaf,0xdf,0xbf,0x80,0x03,0x0b,0x1e,0x4c,0xb8,0xb0,0xe1,0xc3,
    0x88,0x13,0x2b,0x5e,0xcc,0xb8,0xb1,0xe3,0xc7,0x90,0x23,0x4b,0x9e,0x4c,0xb9,0xb2,
    0xe5,0xcb,0x98,0x33,0x6b,0xde,0xcc,0xb9,0xb3,0xe7,0xcf,0xa0,0x43,0x8b,0x1e,0x4d,
    0xba,0xb4,0xe9,0xd3,0xa8,0x53,0xab,0x5e,0xcd,0xba,0xb5,0xeb,0xd7,0xb0,0x63,0xcb,
    0x9e,0x4d,0xbb,0xb6,0xed,0xdb,0xb8,0x73,0xeb,0xde,0xcd,0xbb,0xb7,0xef,0xdf,0xc0,
    0x83,0x0b,0x1f,0x4e,0xbc,0xb8,0xf1,0xe3,0xc8,0x93,0x2b,0xc7,0xed,0xa1,0x03,0x87,
    0x0d,0xd0,0xa3,0x47,0xe7,0xe0,0x61,0x79,0x45,0xe7,0x0e,0x39,0x70,0xb0,0x0e,0xd1,
    0xc3,0xf6,0x0f,0x1c,0x2e,0x4c,0xff,0x80,0x40,0xbe,0x3c,0x79,0x09,0x16,0x34,0x08,
    0xec,0xd0,0x81,0x3b,0xc3,0xf6,0x1f,0x2e,0x40,0x50,0x40,0x00,0x80,0xfd,0xfb,0xf8,
    0x01,0x24,0x70,0x60,0x41,0xe0,0xf7,0xb9,0xde,0x49,0x27,0xe0,0x06,0x1c,0xc0,0x27,
    0xd5,0x76,0x1a,0x3c,0x50,0xc0,0x7d,0x03,0x10,0xe0,0xe0,0x83,0x0e,0x0e,0x10,0xc0,
    0x7d,0x0d,0x5c,0x00,0x5e,0x5c,0xde,0x19,0xb8,0x90,0x77,0xd5,0x3d,0xb5,0x9d,0x05,
    0x0a,0xd8,0x47,0x80,0x00,0x13,0xe6,0x97,0x9f,0x00,0x03,0x08,0x00,0xc0,0x01,0x13,
    0x7c,0xb0,0xc1,0x5b,0xff,0x65,0x50,0x81,0x04,0xe6,0x99,0x17,0x01,0x05,0x18,0x0c,
    0xf4,0xdf,0x52,0x1f,0x1e,0x00,0xc0,0x82,0x26,0x06,0x89,0x5f,0x7d,0x00,0x48,0xe0,
    0x62,0x5b,0x2f,0x6e,0x30,0x41,0x03,0x08,0x08,0x89,0x9f,0x01,0x0b,0x48,0x90,0x63,
    0x07,0x1d,0x26,0xd5,0xde,0x05,0x3e,0x0e,0xe0,0xe4,0x96,0x00,0xa0,0x58,0xe4,0x85,
    0x69,0x35,0xf7,0x01,0x05,0x0b,0xdc,0x27,0x00,0x84,0x68,0x8e,0x78,0x1f,0x02,0x46,
    0x7e,0xa0,0x61,0x51,0xcd,0x69,0x10,0xa2,0x96,0x5c,0x6e,0x29,0x80,0x00,0x06,0x58,
    0xf8,0xe6,0x58,0x62,0x42,0x60,0xdf,0x00,0x12,0xd6,0x19,0xc0,0x99,0xf6,0x35,0x90,
    0x81,0x9b,0x48,0x6d,0xf7,0x00,0x00,0x44,0xd6,0xb9,0xa5,0x96,0x0b,0x6c,0xb0,0x67,
    0x58,0x1e,0xbc,0xe8,0x00,0x00,0x80,0x3a,0x9a,0x5f,0x00,0x0b,0x2e,0x70,0xe8,0xa4,
    0x3f,0x5d,0x59,0x40,0xa0,0x9a,0x6e,0x59,0x5f,0x8b,0x2f,0x96,0xb5,0xdd,0xa5,0x05,
    0x94,0x58,0x2a,0x7e,0x9d,0x6a,0xff,0x40,0x65,0x51,0x2f,0xfa,0xd9,0xe8,0xab,0x41,
    0x4a,0xc8,0x00,0x7b,0xaa,0x7e,0x20,0xc1,0x8f,0xb8,0x06,0xb9,0xa0,0x03,0x60,0x0e,
    0x55,0x69,0x02,0x5d,0x06,0xeb,0x64,0x00,0x04,0xe8,0xc9,0xa7,0x07,0x18,0x18,0x70,
    0xa7,0xb2,0x26,0xd6,0x47,0x41,0xb1,0x40,0x89,0xea,0x2a,0xb5,0xf9,0x69,0x69,0x64,
    0xaa,0x61,0xad,0xca,0x28,0xb7,0x27,0x06,0xa0,0xc0,0x06,0x55,0x02,0xb5,0xdd,0x04,
    0x98,0x92,0x5b,0x2d,0x00,0xc4,0x82,0xfb,0x55,0x75,0x18,0x20,0x10,0xc0,0xb6,0xee,
    0x92,0x58,0x01,0xb6,0x3e,0xbd,0xb8,0xe8,0xad,0xee,0xb6,0xcb,0x00,0xa2,0x61,0xbd,
    0xf8,0x2b,0x9d,0x01,0x8b,0x08,0x2f,0xbf,0x3d,0xd5,0x3a,0x6e,0xc2,0x7f,0x02,0x30,
    0x30,0xa8,0x5a,0xad,0xca,0x2c,0xc4,0xf6,0xa9,0x98,0x00,0xba,0x42,0x39,0x0c,0xb0,
    0xbb,0x5a,0x4e,0x2c,0x56,0xa5,0x21,0xaa,0x88,0xf1,0xbd,0x06,0x4c,0x19,0x94,0xc7,
    0x18,0x0b,0x4c,0xf0,0xbc,0x1f,0x64,0xe0,0x23,0xbe,0x01,0xab,0x78,0xed,0x8e,0x0d,
    0x7f,0x60,0x6b,0xcb,0x21,0xbf,0xec,0x55,0x75,0x32,0x03,0x40,0x73,0xbe,0x00,0xec,
    0x8b,0x33,0x4f,0x2c,0x63,0xdc,0x33,0xc5,0x58,0x01,0x3d,0x73,0xcb,0xc9,0x1a,0xbd,
    0xb2,0xce,0x0f,0x43,0xbc,0x34,0xa5,0x31,0x3f,0xdd,0xb2,0x8a,0x52,0x03,0x95,0xb4,
    0xd5,0x12,0xfb,0xdc,0x95,0xd3,0x42,0x43,0xcd,0x35,0xc3,0x3b,0x7d,0x9d,0xf0,0xd5,
    0x60,0x91,0x3d,0x34,0xb9,0x67,0x1f,0x9d,0x36,0xd5,0x1f,0x93,0xcb,0x36,0xcc,0x41,
    0xbf,0xcd,0x6d,0xdc,0x53,0xef,0xff,0xac,0x74,0xd8,0x4c,0x5f,0xe5,0xb6,0xd9,0x45,
    0xa3,0xad,0x93,0xda,0x01,0xdf,0xfd,0x73,0xd6,0x65,0x6f,0x5d,0xb8,0xdc,0x87,0xd3,
    0xcd,0x33,0xe0,0x58,0xe7,0x4d,0x78,0xd7,0x3f,0x21,0x0e,0x32,0xe5,0x6d,0x33,0xae,
    0x37,0xb5,0x7c,0x7b,0x2d,0xf9,0xdf,0x22,0x77,0x6e,0xb9,0xe3,0x98,0xf7,0x3b,0x3a,
    0xd8,0xa5,0xe3,0xad,0x35,0xc6,0xa1,0x67,0xbe,0xfa,0xda,0x9c,0xbb,0xde,0x38,0xec,
    0x8f,0xf7,0x5d,0x35,0xed,0xad,0x2f,0x7e,0x3a,0xee,0xa9,0xe7,0xec,0x37,0xeb,0x62,
    0x73,0x35,0x38,0xea,0x86,0xe7,0xa4,0xb9,0xdd,0xb5,0xfb,0xfe,0x3a,0xc4,0xb1,0xab,
    0x3e,0x3c,0xef,0xc5,0x6f,0x75,0x3c,0xf0,0xc9,0xe3,0xe4,0xef,0xee,0x89,0x03,0xb0,
    0x40,0xf5,0x5a,0x5d,0x0f,0x7d,0xee,0xa2,0x1f,0xdc,0x72,0x7d,0xc4,0x42,0x9e,0x95,
    0xf8,0x09,0x47,0xdf,0x53,0x7b,0x16,0x90,0x0a,0x71,0x7d,0xdf,0x56,0xfe,0x7c,0xfb,
    0xe4,0xff,0x54,0x9d,0x06,0x4d,0x7e,0x8e,0xeb,0x84,0xfd,0x09,0x9c,0x55,0x80,0x66,
    0x80,0xdb,0x8d,0xef,0x66,0x42,0xb1,0x58,0xdd,0x94,0x45,0xa2,0x73,0xa5,0xeb,0x67,
    0x1e,0xd0,0x00,0xb2,0x4c,0x76,0xb2,0x02,0x38,0x2b,0x28,0x1f,0x6a,0x57,0xc2,0xea,
    0x13,0x81,0x23,0x89,0x65,0x3b,0x0d,0x08,0x00,0xc2,0x12,0x36,0xa1,0x04,0xa8,0xe7,
    0x81,0x3e,0x29,0x50,0x03,0x34,0x08,0xb7,0x00,0x24,0x20,0x03,0xb3,0x12,0x8b,0xc1,
    0xb8,0xe7,0xae,0xfa,0x34,0x20,0x7b,0x3a,0xa1,0x12,0x96,0xa6,0xc5,0x2d,0x4e,0x01,
    0xa0,0x45,0xea,0xdb,0xca,0x95,0xff,0x0c,0x70,0xaf,0xbf,0x01,0xb1,0x28,0xeb,0xc2,
    0x14,0x05,0x83,0x35,0x2c,0x1c,0x6e,0x05,0x84,0x34,0x04,0x9d,0x00,0x10,0xa0,0x01,
    0x0f,0xa0,0xb0,0x7c,0x11,0xc3,0x95,0x97,0xe2,0x75,0xc5,0xaf,0x50,0x29,0x7e,0xf2,
    0x23,0x17,0xfd,0x9c,0x88,0x34,0x5f,0x15,0x90,0x00,0x61,0x74,0x12,0xa1,0x16,0x16,
    0x43,0xb3,0x88,0x0b,0x48,0xcc,0x8b,0x54,0x1b,0x8d,0xf2,0x22,0x0b,0x30,0x80,0x41,
    0x68,0x04,0x94,0x1e,0x01,0xe5,0xa0,0x12,0x25,0xa0,0x45,0x73,0x2c,0x8b,0x77,0x38,
    0x50,0x26,0x38,0x2a,0x4b,0x4b,0x07,0xb8,0x80,0x98,0x94,0xf2,0x9d,0x09,0x30,0x60,
    0x81,0xf9,0x51,0x40,0x04,0x0e,0x15,0xc4,0x91,0x79,0x20,0x03,0x85,0xf4,0x9f,0x90,
    0x16,0x74,0x80,0x00,0x36,0x25,0x86,0x17,0x90,0x80,0x03,0x18,0x40,0xca,0x52,0x92,
    0xd2,0x01,0xe8,0xf9,0x4e,0x25,0xc7,0xd2,0x9e,0x0c,0xdc,0x91,0x51,0x9a,0xb4,0x0f,
    0xb3,0x34,0xd6,0x9f,0x55,0x12,0x85,0x3a,0x0f,0xe1,0x58,0x47,0x06,0x29,0x40,0x91,
    0xf0,0x92,0x23,0xf0,0x89,0x40,0x01,0xbb,0x94,0xc7,0x3d,0xee,0x11,0x8d,0xf7,0x71,
    0x00,0x25,0xa7,0xd2,0x01,0xe8,0xb0,0xe7,0x99,0xcf,0x7c,0x0e,0x2e,0x3d,0xb2,0xa3,
    0x02,0xa9,0xa4,0x52,0x04,0x99,0x66,0x46,0xc4,0x74,0x81,0x07,0x20,0xcb,0x51,0x06,
    0x70,0xc0,0xb5,0xc0,0x97,0x97,0xfd,0x55,0xa0,0x02,0x39,0x72,0x51,0x17,0x3d,0xe2,
    0x1d,0x81,0x68,0xe0,0x9c,0xe9,0x5c,0xe7,0x44,0xbe,0xa3,0x01,0x0a,0x44,0xa0,0x01,
    0xa6,0xcc,0xe7,0x03,0x26,0x90,0xff,0x4e,0x6d,0xf6,0x45,0x4c,0x11,0xf8,0x66,0x38,
    0x2d,0x04,0x1e,0x79,0x66,0xe4,0x3b,0x19,0x80,0x80,0x40,0x95,0xf9,0x01,0x83,0x46,
    0xa4,0x99,0x10,0xd1,0x8e,0x60,0xda,0x73,0xa9,0x2e,0x99,0xcc,0x00,0x10,0x48,0xa7,
    0x2e,0x39,0x92,0x21,0x17,0x49,0xe0,0x9b,0x3c,0xf4,0x54,0x20,0x31,0x12,0xa0,0x02,
    0x41,0x33,0x9a,0x04,0xea,0xa5,0x5d,0xb6,0x53,0x81,0x1f,0x99,0x4c,0x84,0xf6,0x61,
    0x53,0xaa,0x9c,0xe3,0x50,0x86,0x0c,0x72,0x20,0x14,0x08,0x11,0x2c,0x65,0xb9,0x20,
    0x08,0x78,0xd0,0x35,0x20,0x5c,0xe3,0x7d,0x2e,0x06,0x00,0x05,0x48,0x69,0x20,0x29,
    0xad,0x29,0x41,0x9c,0x03,0x2e,0x0d,0x38,0xf2,0x4f,0x4b,0xb4,0xa8,0x09,0x95,0x2a,
    0x9a,0xf6,0x94,0x69,0x84,0x43,0xa5,0x93,0x01,0x1a,0x30,0x01,0xf5,0xe8,0x28,0xa9,
    0x56,0x0c,0xab,0x15,0x99,0xba,0x51,0x0e,0x58,0xc0,0x01,0xdf,0x1c,0x54,0x90,0x26,
    0x64,0x80,0x43,0x51,0x15,0x34,0x41,0x85,0xa4,0x97,0xec,0xb3,0x9f,0x09,0x5c,0xc0,
    0x96,0x04,0xc1,0x00,0x05,0xe6,0x63,0x26,0xac,0xe2,0xe7,0x4e,0x53,0x85,0x0d,0x4b,
    0x5d,0xba,0x25,0x11,0x52,0x70,0x00,0x0a,0x70,0xc0,0x8d,0x2e,0x90,0x81,0xc6,0x3a,
    0xb6,0xb1,0x18,0x98,0x91,0x03,0x16,0x00,0x47,0x11,0x7e,0xce,0x87,0x3e,0x95,0x57,
    0x6b,0x28,0x0a,0x55,0x2e,0x9d,0x09,0xab,0x02,0x38,0x80,0x68,0x47,0x2b,0x5a,0x43,
    0x12,0x33,0xaa,0x26,0x82,0xa9,0xf7,0x60,0xf8,0xd6,0xd0,0x00,0xf4,0x9b,0x69,0x5c,
    0xeb,0x99,0x90,0xa9,0xc6,0x08,0xff,0x69,0x52,0xb5,0xe1,0x74,0x2b,0x6d,0xf6,0x27,
    0x01,0x9d,0x8e,0x28,0x96,0x42,0xbb,0x97,0x70,0x87,0x5b,0xaa,0xb9,0x22,0x20,0xa3,
    0x02,0x69,0x6d,0x69,0xbe,0xb3,0x81,0x8f,0xde,0x47,0x4d,0x50,0xc3,0x0f,0xb3,0x4a,
    0x54,0x80,0x07,0xf4,0x53,0xb9,0xa6,0x69,0xe7,0x07,0x30,0x20,0x81,0x05,0xbc,0x14,
    0x8d,0xc0,0x15,0xd4,0x67,0xef,0x63,0x54,0x82,0x6e,0x34,0x37,0xda,0x8d,0xcf,0x03,
    0x74,0x9a,0xb1,0xdf,0x32,0x90,0xb6,0x74,0x15,0x67,0xaa,0xfc,0xc9,0x1b,0x0e,0xf9,
    0x87,0x02,0xa3,0xf4,0xd1,0x73,0xc1,0x5b,0xc4,0x4d,0xdd,0x0b,0x45,0x04,0x70,0x15,
    0x94,0x1c,0xd0,0x55,0x1d,0xa9,0xf4,0x36,0x10,0x1d,0x48,0x06,0x26,0xe0,0x00,0x05,
    0xf8,0x75,0x50,0x77,0xe2,0x61,0x7e,0xf6,0x73,0x54,0x1d,0xd1,0x97,0x38,0x01,0x32,
    0x50,0x78,0x22,0x30,0x59,0xd1,0x0e,0x13,0x56,0xa2,0x55,0x40,0x03,0x20,0x40,0x01,
    0xaf,0x36,0x54,0x3b,0xd8,0xed,0x4d,0x80,0x0a,0x02,0x59,0x0b,0x9c,0xf3,0xc5,0x18,
    0x68,0x6c,0x35,0x25,0xe5,0x9e,0x84,0x34,0x87,0x40,0x35,0x95,0x66,0x8a,0x97,0x13,
    0x56,0xed,0xf8,0xb8,0x40,0x61,0xad,0xb1,0x90,0x87,0x4c,0xe4,0x22,0x1b,0xf9,0xc8,
    0x48,0x4e,0xb2,0x92,0x97,0xcc,0xe4,0x26,0x3b,0xf9,0xc9,0x50,0x8e,0xb2,0x94,0xa7,
    0x4c,0xe5,0x2a,0x5b,0xf9,0xca,0x58,0xce,0xb2,0x96,0xb7,0xcc,0xe5,0x2e,0x7b,0xf9,
    0xcb,0x60,0x0e,0xb3,0x98,0xc7,0x4c,0xe6,0x32,0x9b,0xf9,0xcc,0x68,0x4e,0xb3,0x9a,
    0xd7,0xcc,0xe6,0x36,0xbb,0xf9,0x32,0xcd,0x70,0x8e,0xb3,0x9c,0xe7,0x4c,0xe7,0x3a,
    0xdb,0xf9,0xce,0x78,0xce,0xb3,0x9e,0xf7,0xcc,0xe7,0x3e,0xfb,0xf9,0xcf,0x80,0x0e,
    0xb4,0xa0,0x07,0x4d,0xe8,0x42,0x1b,0xfa,0xd0,0x88,0x4e,0xb4,0xa2,0x17,0xcd,0xe8,
    0x46,0x3b,0xfa,0xd1,0x90,0x46,0x4a,0x40,0x00,0x00,0x21,0xf9,0x04,0x08,0x0c,0x00,
    0x00,0x00,0x2c,0x00,0x00,0x00,0x00,0xf0,0x00,0xf0,0x00,0x84,0xff,0xff,0xff,0xfe,
    0xfe,0xfe,0xfd,0xfd,0xfd,0xfc,0xfc,0xfc,0xfb,0xfb,0xfb,0xf9,0xf9,0xf9,0xf5,0xf5,
    0xf5,0xef,0xef,0xef,0xe6,0xe6,0xe6,0xd7,0xd7,0xd7,0xc8,0xc8,0xc8,0xc0,0xc0,0xc0,
    0xbe,0xbe,0xbe,0xba,0xba,0xba,0xa3,0xa3,0xa3,0x90,0x90,0x90,0x80,0x80,0x80,0x76,
    0x76,0x76,0x62,0x62,0x62,0x47,0x47,0x47,0x41,0x41,0x41,0x37,0x37,0x37,0x22,0x22,
    0x22,0x17,0x17,0x17,0x11,0x11,0x11,0x0e,0x0e,0x0e,0x07,0x07,0x07,0x04,0x04,0x04,
    0x03,0x03,0x03,0x02,0x02,0x02,0x01,0x01,0x01,0x00,0x00,0x00,0x08,0xff,0x00,0x3f,
    0x08,0x1c,0x48,0xb0,0xa0,0xc1,0x83,0x08,0x13,0x2a,0x5c,0xc8,0xb0,0xa1,0xc3,0x87,
    0x10,0x23,0x4a,0x9c,0x48,0xb1,0xa2,0xc5,0x8b,0x18,0x33,0x6a,0xdc,0xc8,0xb1,0xa3,
    0xc7,0x8f,0x20,0x43,0x8a,0x1c,0x49,0xb2,0xa4,0xc9,0x93,0x28,0x53,0xaa,0x5c,0xc9,
    0xb2,0xa5,0xcb,0x97,0x30,0x63,0xca,0x9c,0x49,0xb3,0xa6,0xcd,0x9b,0x38,0x73,0xea,
    0xdc,0xc9,0xb3,0xa7,0xcf,0x9f,0x40,0x83,0x0a,0x1d,0x4a,0xb4,0xa8,0xd1,0xa3,0x48,
    0x93,0x2a,0x5d,0xca,0xb4,0xa9,0xd3,0xa7,0x50,0xa3,0x4a,0x9d,0x4a,0xb5,0xaa,0xd5,
    0xab,0x58,0xb3,0x6a,0xdd,0xca,0xb5,0xab,0xd7,0xaf,0x60,0xc3,0x8a,0x1d,0x4b,0xb6,
    0xac,0xd9,0xb3,0x68,0xd3,0xaa,0x5d,0xcb,0xb6,0xad,0xdb,0xb7,0x70,0xe3,0xca,0x9d,
    0x4b,0xb7,0xae,0xdd,0xbb,0x78,0xf3,0xea,0xdd,0xcb,0xb7,0xaf,0xdf,0xbf,0x80,0x03,
    0x0b,0x1e,0x4c,0xb8,0xb0,0xe1,0xc3,0x88,0x13,0x2b,0x5e,0xcc,0xb8,0xb1,0xe3,0xc7,
    0x90,0x23,0x4b,0x9e,0x4c,0xb9,0xb2,0xe5,0xcb,0x98,0x33,0x6b,0xde,0xcc,0xb9,0xb3,
    0xe7,0xcf,0xa0,0x43,0x8b,0x1e,0x4d,0xba,0xb4,0xe9,0xd3,0xa8,0x53,0xab,0x5e,0xcd,
    0xba,0xb5,0xeb,0xd7,0xb0,0x63,0xcb,0x9e,0x4d,0xbb,0xb6,0xed,0xdb,0xb8,0x73,0xeb,
    0xde,0xcd,0xbb,0xb7,0xef,0xdf,0xc0,0x83,0x0b,0x1f,0x4e,0xbc,0xb8,0xf1,0xe3,0xc8,
    0x93,0x2b,0x5f,0xce,0xbc,0xb9,0xf3,0xe7,0xd0,0xa3,0x4b,0x9f,0x4e,0xbd,0xba,0xf5,
    0xeb,0xd8,0xb3,0x6b,0xdf,0xce,0xbd,0xbb,0xf7,0xef,0xe0,0xc3,0x8b,0xff,0x1f,0x4f,
    0xbe,0xbc,0xd8,0x0e,0x1b,0x36,0x70,0x58,0xcf,0xbe,0xbd,0xfb,0xf7,0xf0,0xe3,0xa7,
    0xe7,0x50,0xbc,0x83,0x4a,0xfb,0xc2,0xed,0x5b,0x88,0x00,0x61,0x02,0x85,0xff,0x00,
    0x06,0x28,0xe0,0x80,0x04,0x12,0xc8,0x5f,0x05,0x1f,0x78,0x10,0x9c,0x7d,0x12,0x1c,
    0x00,0xc0,0x83,0x10,0x46,0x28,0xe1,0x84,0x14,0x56,0x28,0xe1,0x03,0x1f,0xe0,0x97,
    0x15,0x7a,0xea,0xc5,0xe7,0xe1,0x87,0xf2,0xa9,0xa7,0x53,0x07,0x1e,0x58,0x60,0x00,
    0x00,0x05,0x10,0x30,0x80,0x00,0x2c,0xb6,0xe8,0xe2,0x8b,0x30,0xc6,0x18,0x23,0x01,
    0x05,0x0c,0x00,0xc0,0x04,0x1f,0xd0,0x87,0x95,0x86,0x27,0xf1,0x58,0xd3,0x06,0x1f,
    0x44,0x80,0xa2,0x85,0x44,0x16,0x49,0x24,0x01,0x02,0x34,0x90,0xe3,0x8e,0x1f,0xec,
    0xd7,0x5f,0x81,0x50,0x46,0x59,0xe0,0x81,0x09,0xe2,0x04,0x24,0x04,0x01,0x10,0x60,
    0xe4,0x96,0x5c,0x02,0xb0,0xe2,0x02,0x19,0x5e,0xc5,0xa0,0x83,0x5d,0x96,0x69,0x21,
    0x86,0x3e,0xca,0x64,0x5f,0x05,0x5e,0xaa,0x38,0xc0,0x9b,0x70,0xc6,0x29,0xe7,0x9c,
    0x74,0xd6,0xf9,0x66,0x01,0x00,0x44,0xf0,0x01,0x90,0x55,0x91,0x68,0x22,0x8a,0x2a,
    0xca,0x28,0xe8,0xa0,0x32,0xd2,0x68,0x23,0x8e,0x3a,0xd6,0x64,0xdf,0x03,0x66,0x36,
    0x4a,0xe1,0x02,0x1a,0x78,0xa0,0x60,0x55,0x40,0x0a,0x89,0xa7,0xa3,0x98,0x22,0xa9,
    0x64,0xa2,0x8a,0x7e,0x30,0x81,0x03,0x0d,0x30,0x20,0xea,0xa8,0xa4,0x96,0x6a,0xea,
    0xa9,0xa8,0x32,0xd0,0x40,0x04,0x40,0x4e,0x4a,0xe9,0x07,0x58,0x6a,0xff,0x89,0xa9,
    0xa3,0x5f,0x86,0x89,0x93,0xab,0x28,0xe1,0x4a,0xd5,0x9a,0x6d,0xda,0xe9,0xeb,0xaf,
    0x76,0xe2,0xa9,0x27,0x9f,0x38,0xad,0xd7,0xc1,0xb1,0xc8,0x26,0xab,0xec,0xb2,0xcc,
    0x36,0x7b,0x2c,0x07,0x1b,0xe8,0xda,0xe7,0x07,0x8c,0xce,0x8a,0x29,0xa4,0x92,0x02,
    0x67,0xdf,0xa7,0xa1,0xa6,0xea,0xed,0xb7,0xa6,0xae,0xda,0xaa,0x70,0xd2,0x96,0x54,
    0x6e,0x6f,0xc6,0x3a,0xab,0xee,0xba,0xcc,0x42,0x7b,0xae,0x79,0xf0,0xc6,0x2b,0xef,
    0xbc,0xf4,0xd6,0x6b,0xef,0xbd,0xf8,0xe6,0x9b,0x9a,0x07,0xc6,0xba,0xc4,0x2f,0x07,
    0x69,0xce,0xc6,0x29,0xc0,0x2a,0x79,0x40,0x6c,0x8e,0xef,0xb6,0xa6,0x60,0x06,0xff,
    0x5d,0x20,0x50,0xb4,0x26,0xf1,0x2b,0x10,0xc3,0x14,0x38,0x5c,0xa5,0x6c,0x1e,0xd8,
    0x07,0x01,0x02,0x0f,0x1e,0xe0,0x80,0x05,0x02,0x71,0x90,0x70,0x46,0x3a,0x66,0xb0,
    0x71,0xc7,0x0e,0x60,0x70,0x31,0x6c,0x8b,0x3e,0xc8,0x62,0xc7,0x10,0x58,0x0c,0x71,
    0x47,0xfc,0xda,0xa7,0x81,0x04,0x09,0xb8,0x2c,0xc0,0x83,0x0a,0x64,0x40,0x22,0x6c,
    0xf4,0x51,0x80,0xe2,0xce,0x00,0x04,0x60,0x23,0x00,0x08,0x44,0xa0,0x81,0x40,0x1d,
    0x88,0x8c,0xd1,0xbf,0x03,0x4d,0x90,0x33,0x00,0x04,0x04,0xf0,0x60,0x00,0x78,0x42,
    0xb0,0x27,0xd0,0x1f,0x38,0x20,0x80,0xac,0x10,0x66,0xf9,0x60,0x02,0x12,0x58,0xbc,
    0x27,0xc0,0x23,0x1b,0xd4,0x34,0xb1,0x19,0x4c,0xd0,0xc0,0x83,0x2b,0x4a,0xc8,0x62,
    0x02,0x91,0xb2,0xfc,0x81,0x02,0x5e,0x52,0x68,0xf4,0x83,0x06,0x34,0xff,0x30,0x41,
    0x06,0x04,0x41,0x8b,0xb6,0xa4,0x84,0x4b,0xba,0xf6,0xcc,0x39,0x56,0xe0,0x00,0xc7,
    0x45,0x13,0x2d,0xa1,0xd5,0x06,0x38,0x9c,0xf6,0x68,0xf4,0x79,0x0d,0xf6,0x84,0x02,
    0x1c,0x8d,0xf4,0x03,0x13,0x58,0xc0,0x69,0x43,0x16,0x4c,0x00,0xc1,0xd4,0x00,0x64,
    0x6e,0xe1,0xdc,0x75,0xbf,0x16,0xf4,0xd0,0x44,0x1a,0xed,0xf8,0x00,0x09,0x38,0x10,
    0x41,0xe7,0x18,0xd4,0x6e,0x7b,0xed,0x16,0x50,0x10,0xc1,0x03,0x0a,0x9c,0x78,0xf5,
    0x00,0x56,0x5b,0x88,0x35,0x00,0x5a,0x1f,0xdc,0x5a,0xcb,0x5e,0x3a,0x5e,0xe1,0xd7,
    0x9a,0xbb,0x7c,0xc0,0xf3,0xd0,0x3f,0xef,0x3b,0x84,0x5f,0x2b,0xaf,0xf7,0xd1,0x3d,
    0xff,0x0c,0x5b,0xc6,0xb0,0x32,0x0e,0xbc,0x91,0x01,0x7c,0xad,0x22,0x91,0xe2,0x7f,
    0x5f,0xe4,0xde,0x00,0x78,0xac,0xf2,0xe4,0xa7,0x2d,0x8c,0xf3,0x83,0x48,0x06,0x0f,
    0x7e,0x00,0xf4,0xd7,0x5f,0x7f,0x97,0xa6,0x23,0x1d,0xb3,0x40,0xec,0xa3,0xa6,0xe3,
    0xcd,0x8c,0xa3,0x9a,0xf5,0xac,0xa5,0xb7,0xaa,0x3d,0xa8,0x00,0xfb,0x43,0x18,0x6e,
    0x24,0xf6,0x81,0x0b,0x48,0x40,0x01,0x44,0xcb,0x92,0xf9,0x08,0xd8,0xb8,0xf1,0x8d,
    0x2d,0x02,0x20,0xdb,0x53,0xff,0x14,0x96,0xa8,0x0a,0x3c,0x80,0x74,0xa5,0x8b,0x9f,
    0xa3,0x98,0x17,0x21,0x04,0x38,0x60,0x02,0x7c,0x72,0xda,0x6f,0xf8,0x35,0x29,0x0e,
    0x4c,0xe0,0x01,0x0c,0x20,0x13,0xfc,0x54,0x74,0xbf,0xc7,0xd1,0x2f,0x73,0x06,0xe4,
    0x9b,0x02,0x1c,0x20,0x01,0xc0,0x85,0x2c,0x60,0xbe,0x41,0x0f,0x41,0xae,0x30,0xf0,
    0xc2,0x04,0x34,0xef,0x6a,0x2f,0xa2,0x90,0x09,0x25,0x90,0xc1,0x90,0xa9,0xf0,0x38,
    0xfc,0xda,0x80,0x86,0x38,0x50,0x81,0x08,0x38,0x40,0x01,0xd2,0x9b,0x90,0x01,0x9e,
    0x17,0xbb,0xfe,0x2c,0x8d,0x7f,0xeb,0xd9,0x20,0x70,0xa2,0x58,0x90,0xda,0x5d,0xa0,
    0x02,0x02,0xb2,0x40,0xed,0x06,0x26,0xc5,0xeb,0x64,0x4c,0x3d,0x93,0x13,0x9c,0x18,
    0x9d,0x43,0xb8,0xf7,0x90,0x28,0x5b,0xfa,0xca,0xa3,0x1e,0xf7,0xc8,0xc7,0x3e,0xfa,
    0xf1,0x8f,0x80,0x0c,0xa4,0x20,0x07,0x49,0xc8,0x42,0x1a,0xf2,0x90,0x88,0x4c,0xa4,
    0x22,0x17,0xc9,0xc8,0x46,0x3a,0xf2,0x91,0x90,0x8c,0xa4,0x24,0x27,0x49,0xc9,0x4a,
    0x5a,0xf2,0x92,0x98,0xcc,0xa4,0x26,0x37,0xc9,0xc9,0x4e,0x7a,0xf2,0x93,0xa0,0x0c,
    0xa5,0x28,0x47,0x49,0xca,0x52,0x9a,0xf2,0x94,0xa8,0x4c,0xa5,0x2a,0x57,0xc9,0xca,
    0x56,0xba,0xf2,0x95,0xb0,0x8c,0xa5,0x2c,0x67,0x49,0xcb,0x5a,0xda,0xf2,0x96,0xb8,
    0xcc,0xa5,0x2e,0x77,0xc9,0xcb,0x5e,0xfa,0x72,0x38,0x01,0x01,0x00,0x21,0xf9,0x04,
    0x08,0x0c,0x00,0x00,0x00,0x2c,0x00,0x00,0x00,0x00,0xf0,0x00,0xf0,0x00,0x84,0xff,
    0xff,0xff,0xfe,0xfe,0xfe,0xfd,0xfd,0xfd,0xfc,0xfc,0xfc,0xfb,0xfb,0xfb,0xf9,0xf9,
    0xf9,0xf2,0xf2,0xf2,0xee,0xee,0xee,0xeb,0xeb,0xeb,0xde,0xde,0xde,0xd0,0xd0,0xd0,
    0xc5,0xc5,0xc5,0xbe,0xbe,0xbe,0xb0,0xb0,0xb0,0x96,0x96,0x96,0x83,0x83,0x83,0x80,
    0x80,0x80,0x7d,0x7d,0x7d,0x67,0x67,0x67,0x56,0x56,0x56,0x44,0x44,0x44,0x41,0x41,
    0x41,0x38,0x38,0x38,0x2a,0x2a,0x2a,0x18,0x18,0x18,0x11,0x11,0x11,0x0b,0x0b,0x0b,
    0x04,0x04,0x04,0x03,0x03,0x03,0x02,0x02,0x02,0x01,0x01,0x01,0x00,0x00,0x00,0x08,
    0xff,0x00,0x3f,0x08,0x1c,0x48,0xb0,0xa0,0xc1,0x83,0x08,0x13,0x2a,0x5c,0xc8,0xb0,
    0xa1,0xc3,0x87,0x10,0x23,0x4a,0x9c,0x48,0xb1,0xa2,0xc5,0x8b,0x18,0x33,0x6a,0xdc,
    0xc8,0xb1,0xa3,0xc7,0x8f,0x20,0x43,0x8a,0x1c,0x49,0xb2,0xa4,0xc9,0x93,0x28,0x53,
    0xaa,0x5c,0xc9,0xb2,0xa5,0xcb,0x97,0x30,0x63,0xca,0x9c,0x49,0xb3,0xa6,0xcd,0x9b,
    0x38,0x73,0xea,0xdc,0xc9,0xb3,0xa7,0xcf,0x9f,0x40,0x83,0x0a,0x1d,0x4a,0xb4,0xa8,
    0xd1,0xa3,0x48,0x93,0x2a,0x5d,0xca,0xb4,0xa9,0xd3,0xa7,0x50,0xa3,0x4a,0x9d,0x4a,
    0xb5,0xaa,0xd5,0xab,0x58,0xb3,0x6a,0xdd,0xca,0xb5,0xab,0xd7,0xaf,0x60,0xc3,0x8a,
    0x1d,0x4b,0xb6,0xac,0xd9,0xb3,0x68,0xd3,0xaa,0x5d,0xcb,0xb6,0xad,0xdb,0xb7,0x70,
    0xe3,0xca,0x9d,0x4b,0xb7,0xae,0xdd,0xbb,0x78,0xf3,0xea,0xdd,0xcb,0xb7,0xaf,0xdf,
    0xbf,0x80,0x03,0x0b,0x1e,0x4c,0xb8,0xb0,0xe1,0xc3,0x88,0x13,0x2b,0x5e,0xcc,0xb8,
    0xb1,0xe3,0xc7,0x90,0x23,0x4b,0x9e,0x4c,0xb9,0xb2,0xe5,0xcb,0x98,0x33,0x6b,0xde,
    0xcc,0xb9,0xb3,0xe7,0xcf,0xa0,0x43,0x8b,0x1e,0x4d,0xba,0xb4,0xe9,0xd3,0xa8,0x53,
    0xab,0x5e,0xcd,0xba,0xb5,0xeb,0xd7,0xb0,0x63,0xcb,0x9e,0x4d,0xbb,0xb6,0xed,0xdb,
    0xb8,0x73,0xeb,0xde,0xcd,0xbb,0xb7,0xef,0xdf,0xc0,0x83,0x0b,0x1f,0x4e,0xbc,0xb8,
    0xf1,0xe3,0xc8,0x93,0x2b,0xc7,0xed,0xa1,0x03,0x87,0x0d,0xd0,0xa3,0x47,0xe7,0xe0,
    0x61,0x79,0x45,0xe7,0x0e,0x39,0x70,0xb0,0x0e,0xd1,0xc3,0xf6,0x0f,0x1c,0x2e,0x4c,
    0xff,0x80,0x40,0xbe,0x3c,0x79,0x09,0x16,0x34,0x08,0xec,0xd0,0x81,0x3b,0xc3,0xf6,
    0x1f,0x2e,0x40,0x50,0x40,0x00,0x80,0xfd,0xfb,0xf8,0x01,0x24,0x70,0x60,0x41,0xe0,
    0xf7,0xb9,0xde,0x49,0x27,0xe0,0x06,0x1c,0xc0,0x27,0xd5,0x76,0x1a,0x3c,0x50,0xc0,
    0x7d,0x03,0x10,0xe0,0xe0,0x83,0x0e,0x0e,0x10,0xc0,0x7d,0x0d,0x5c,0x00,0x5e,0x5c,
    0xde,0x19,0xb8,0x90,0x77,0xd5,0x3d,0xb5,0x9d,0x05,0x0a,0xd8,0x47,0x80,0x00,0x13,
    0xe6,0x97,0x9f,0x00,0x03,0x08,0x00,0xc0,0x01,0x13,0x7c,0xb0,0xc1,0x5b,0xff,0x65,
    0x50,0x81,0x04,0xe6,0x99,0x17,0x01,0x05,0x18,0x0c,0xf4,0xdf,0x52,0x1f,0x1e,0x00,
    0xc0,0x82,0x26,0x06,0x89,0x5f,0x7d,0x00,0x48,0xe0,0x62,0x5b,0x2f,0x6e,0x30,0x41,
    0x03,0x08,0x08,0x89,0x9f,0x01,0x0b,0x48,0x90,0x63,0x07,0x1d,0x26,0xd5,0xde,0x05,
    0x3e,0x0e,0xe0,0xe4,0x96,0x00,0xa0,0x58,0xe4,0x85,0x69,0x35,0xf7,0x01,0x05,0x0b,
    0xdc,0x27,0x00,0x84,0x68,0x8e,0x78,0x1f,0x02,0x46,0x7e,0xa0,0x61,0x51,0xcd,0x69,
    0x10,0xa2,0x96,0x5c,0x6e,0x29,0x80,0x00,0x06,0x58,0xf8,0xe6,0x58,0x62,0x42,0x60,
    0xdf,0x00,0x12,0xd6,0x19,0xc0,0x99,0xf6,0x35,0x90,0x81,0x9b,0x48,0x6d,0xf7,0x00,
    0x00,0x44,0xd6,0xb9,0xa5,0x96,0x0b,0x6c,0xb0,0x67,0x58,0x1e,0xbc,0xe8,0x00,0x00,
    0x80,0x3a,0x9a,0x5f,0x00,0x0b,0x2e,0x70,0xe8,0xa4,0x3f,0x5d,0x59,0x40,0xa0,0x9a,
    0x6e,0x59,0x5f,0x8b,0x2f,0x96,0xb5,0xdd,0xa5,0x05,0x94,0x58,0x2a,0x7e,0x9d,0x6a,
    0xff,0x40,0x65,0x51,0x2f,0xfa,0xd9,0xe8,0xab,0x41,0x4a,0xc8,0x00,0x7b,0xaa,0x7e,
    0x20,0xc1,0x8f,0xb8,0x06,0xb9,0xa0,0x03,0x60,0x0e,0x55,0x69,0x02,0x5d,0x06,0xeb,
    0x64,0x00,0x04,0xe8,0xc9,0xa7,0x07,0x18,0x18,0x70,0xa7,0xb2,0x26,0xd6,0x47,0x41,
    0xb1,0x40,0x89,0xea,0x2a,0xb5,0xf9,0x69,0x69,0x64,0xaa,0x61,0xad,0xca,0x28,0xb7,
    0x27,0x06,0xa0,0xc0,0x06,0x55,0x02,0xb5,0xdd,0x04,0x98,0x92,0x5b,0x2d,0x00,0xc4,
    0x82,0xfb,0x55,0x75,0x18,0x20,0x10,0xc0,0xb6,0xee,0x92,0x58,0x01,0xb6,0x3e,0xbd,
    0xb8,0xe8,0xad,0xee,0xb6,0xcb,0x00,0xa2,0x61,0xbd,0xf8,0x2b,0x9d,0x01,0x8b,0x08,
    0x2f,0xbf,0x3d,0xd5,0x3a,0x6e,0xc2,0x7f,0x02,0x30,0x30,0xa8,0x5a,0xad,0xca,0x2c,
    0xc4,0xf6,0xa9,0x98,0x00,0xba,0x42,0x39,0x0c,0xb0,0xbb,0x5a,0x4e,0x2c,0x56,0xa5,
    0x21,0xaa,0x88,0xf1,0xbd,0x06,0x4c,0x19,0x94,0xc7,0x18,0x0b,0x4c,0xf0,0xbc,0x1f,
    0x64,0xe0,0x23,0xbe,0x01,0xab,0x78,0xed,0x8e,0x0d,0x7f,0x60,0x6b,0xcb,0x21,0xbf,
    0xec,0x55,0x75,0x32,0x03,0x40,0x73,0xbe,0x00,0xec,0x8b,0x33,0x4f,0x2c,0x63,0xdc,
    0x33,0xc5,0x58,0x01,0x3d,0x73,0xcb,0xc9,0x1a,0xbd,0xb2,0xce,0x0f,0x43,0xbc,0x34,
    0xa5,0x31,0x3f,0xdd,0xb2,0x8a,0x52,0x03,0x95,0xb4,0xd5,0x12,0xfb,0xdc,0x95,0xd3,
    0x42,0x43,0xcd,0x35,0xc3,0x3b,0x7d,0x9d,0xf0,0xd5,0x60,0x91,0x3d,0x34,0xb9,0x67,
    0x1f,0x9d,0x36,0xd5,0x1f,0x93,0xcb,0x36,0xcc,0x41,0xbf,0xcd,0x6d,0xdc,0x53,0xef,
    0xff,0xac,0x74,0xd8,0x4c,0x5f,0xe5,0xb6,0xd9,0x45,0xa3,0xad,0x93,0xda,0x01,0xdf,
    0xfd,0x73,0xd6,0x65,0x6f,0x5d,0xb8,0xdc,0x87,0xd3,0xcd,0x33,0xe0,0x58,0xe7,0x4d,
    0x78,0xd7,0x3f,0x21,0x0e,0x32,0xe5,0x6d,0x33,0xae,0x37,0xb5,0x7c,0x7b,0x2d,0xf9,
    0xdf,0x22,0x77,0x6e,0xb9,0xe3,0x98,0xf7,0x3b,0x3a,0xd8,0xa5,0xe3,0xad,0x35,0xc6,
    0xa1,0x67,0xbe,0xfa,0xda,0x9c,0xbb,0xde,0x38,0xec,0x8f,0xf7,0x5d,0x35,0xed,0xad,
    0x2f,0x7e,0x3a,0xee,0xa9,0xe7,0xec,0x37,0xeb,0x62,0x73,0x35,0x38,0xea,0x86,0xe7,
    0xa4,0xb9,0xdd,0xb5,0xfb,0xfe,0x3a,0xc4,0xb1,0xab,0x3e,0x3c,0xef,0xc5,0x6f,0x75,
    0x3c,0xf0,0xc9,0xe3,0xe4,0xef,0xee,0x89,0x03,0xb0,0x40,0xf5,0x5a,0x5d,0x0f,0x7d,
    0xee,0xa2,0x1f,0xdc,0x72,0x7d,0xc4,0x42,0x9e,0x95,0xf8,0x09,0x47,0xdf,0x53,0x7b,
    0x16,0x90,0x0a,0x71,0x7d,0xdf,0x56,0xfe,0x7c,0xfb,0xe4,0xff,0x54,0x9d,0x06,0x4d,
    0x7e,0x8e,0xeb,0x84,0xfd,0x09,0x9c,0x55,0x80,0x66,0x80,0xdb,0x8d,0xef,0x66,0x42,
    0xb1,0x58,0xdd,0x94,0x45,0xa2,0x73,0xa5,0xeb,0x67,0x1e,0xd0,0x00,0xb2,0x4c,0x76,
    0xb2,0x02,0x38,0x2b,0x28,0x1f,0x6a,0x57,0xc2,0xea,0x13,0x81,0x23,0x89,0x65,0x3b,
    0x0d,0x08,0x00,0xc2,0x12,0x36,0xa1,0x04,0xa8,0xe7,0x81,0x3e,0x29,0x50,0x03,0x34,
    0x08,0xb7,0x00,0x24,0x20,0x03,0xb3,0x12,0x8b,0xc1,0xb8,0xe7,0xae,0xfa,0x34,0x20,
    0x7b,0x3a,0xa1,0x12,0x96,0xa6,0xc5,0x2d,0x4e,0x01,0xa0,0x45,0xea,0xdb,0xca,0x95,
    0xff,0x0c,0x70,0xaf,0xbf,0x01,0xb1,0x28,0xeb,0xc2,0x14,0x05,0x83,0x35,0x2c,0x1c,
    0x6e,0x05,0x84,0x34,0x04,0x9d,0x00,0x10,0xa0,0x01,0x0f,0xa0,0xb0,0x7c,0x11,0xc3,
    0x95,0x97,0xe2,0x75,0xc5,0xaf,0x50,0x29,0x7e,0xf2,0x23,0x17,0xfd,0x9c,0x88,0x34,
    0x5f,0x15,0x90,0x00,0x61,0x74,0x12,0xa1,0x16,0x16,0x43,0xb3,0x88,0x0b,0x48,0xcc,
    0x8b,0x54,0x1b,0x8d,0xf2,0x22,0x0b,0x30,0x80,0x41,0x68,0x04,0x94,0x1e,0x01,0xe5,
    0xa0,0x12,0x25,0xa0,0x45,0x73,0x2c,0x8b,0x77,0x38,0x50,0x26,0x38,0x2a,0x4b,0x4b,
    0x07,0xb8,0x80,0x98,0x94,0xf2,0x9d,0x09,0x30,0x60,0x81,0xf9,0x51,0x40,0x04,0x0e,
    0x15,0xc4,0x91,0x79,0x20,0x03,0x85,0xf4,0x9f,0x90,0x16,0x74,0x80,0x00,0x36,0x25,
    0x86,0x17,0x90,0x80,0x03,0x18,0x40,0xca,0x52,0x92,0xd2,0x01,0xe8,0xf9,0x4e,0x25,
    0xc7,0xd2,0x9e,0x0c,0xdc,0x91,0x51,0x9a,0xb4,0x0f,0xb3,0x34,0xd6,0x9f,0x55,0x12,
    0x85,0x3a,0x0f,0xe1,0x58,0x47,0x06,0x29,0x40,0x91,0xf0,0x92,0x23,0xf0,0x89,0x40,
    0x01,0xbb,0x94,0xc7,0x3d,0xee,0x11,0x8d,0xf7,0x71,0x00,0x25,0xa7,0xd2,0x01,0xe8,
    0xb0,0xe7,0x99,0xcf,0x7c,0x0e,0x2e,0x3d,0xb2,0xa3,0x02,0xa9,0xa4,0x52,0x04,0x99,
    0x66,0x46,0xc4,0x74,0x81,0x07,0x20,0xcb,0x51,0x06,0x70,0xc0,0xb5,0xc0,0x97,0x97,
    0xfd,0x55,0xa0,0x02,0x39,0x72,0x51,0x17,0x3d,0xe2,0x1d,0x81,0x68,0xe0,0x9c,0xe9,
    0x5c,0xe7,0x44,0xbe,0xa3,0x01,0x0a,0x44,0xa0,0x01,0xa6,0xcc,0xe7,0x03,0x26,0x90,
    0xff,0x4e,0x6d,0xf6,0x45,0x4c,0x11,0xf8,0x66,0x38,0x2d,0x04,0x1e,0x79,0x66,0xe4,
    0x3b,0x19,0x80,0x80,0x40,0x95,0xf9,0x01,0x83,0x46,0xa4,0x99,0x10,0xd1,0x8e,0x60,
    0xda,0x73,0xa9,0x2e,0x99,0xcc,0x00,0x10,0x48,0xa7,0x2e,0x39,0x92,0x21,0x17,0x49,
    0xe0,0x9b,0x3c,0xf4,0x54,0x20,0x31,0x12,0xa0,0x02,0x41,0x33,0x9a,0x04,0xea,0xa5,
    0x5d,0xb6,0x53,0x81,0x1f,0x99,0x4c,0x84,0xf6,0x61,0x53,0xaa,0x9c,0xe3,0x50,0x86,
    0x0c,0x72,0x20,0x14,0x08,0x11,0x2c,0x65,0xb9,0x20,0x08,0x78,0xd0,0x35,0x20,0x5c,
    0xe3,0x7d,0x2e,0x06,0x00,0x05,0x48,0x69,0x20,0x29,0xad,0x29,0x41,0x9c,0x03,0x2e,
    0x0d,0x38,0xf2,0x4f,0x4b,0xb4,0xa8,0x09,0x95,0x2a,0x9a,0xf6,0x94,0x69,0x84,0x43,
    0xa5,0x93,0x01,0x1a,0x30,0x01,0xf5,0xe8,0x28,0xa9,0x56,0x0c,0xab,0x15,0x99,0xba,
    0x51,0x0e,0x58,0xc0,0x01,0xdf,0x1c,0x54,0x90,0x26,0x64,0x80,0x43,0x51,0x15,0x34,
    0x41,0x85,0xa4,0x97,0xec,0xb3,0x9f,0x09,0x5c,0xc0,0x96,0x04,0xc1,0x00,0x05,0xe6,
    0x63,0x26,0xac,0xe2,0xe7,0x4e,0x53,0x85,0x0d,0x4b,0x5d,0xba,0x25,0x11,0x52,0x70,
    0x00,0x0a,0x70,0xc0,0x8d,0x2e,0x90,0x81,0xc6,0x3a,0xb6,0xb1,0x18,0x98,0x91,0x03,
    0x16,0x00,0x47,0x11,0x7e,0xce,0x87,0x3e,0x95,0x57,0x6b,0x28,0x0a,0x55,0x2e,0x9d,
    0x09,0xab,0x02,0x38,0x80,0x68,0x47,0x2b,0x5a,0x43,0x12,0x33,0xaa,0x26,0x82,0xa9,
    0xf7,0x60,0xf8,0xd6,0xd0,0x00,0xf4,0x9b,0x69,0x5c,0xeb,0x99,0x90,0xa9,0xc6,0x08,
    0xff,0x69,0x52,0xb5,0xe1,0x74,0x2b,0x6d,0xf6,0x27,0x01,0x9d,0x8e,0x28,0x96,0x42,
    0xbb,0x97,0x70,0x87,0x5b,0xaa,0xb9,0x22,0x20,0xa3,0x02,0x69,0x6d,0x69,0xbe,0xb3,
    0x81,0x8f,0xde,0x47,0x4d,0x50,0xc3,0x0f,0xb3,0x4a,0x54,0x80,0x07,0xf4,0x53,0xb9,
    0xa6,0x69,0xe7,0x07,0x30,0x20,0x81,0x05,0xbc,0x14,0x8d,0xc0,0x15,0xd4,0x67,0xef,
    0x63,0x54,0x82,0x6e,0x34,0x37,0xda,0x8d,0xcf,0x03,0x74,0x9a,0xb1,0xdf,0x32,0x90,
    0xb6,0x74,0x15,0x67,0xaa,0xfc,0xc9,0x1b,0x0e,0xf9,0x87,0x02,0xa3,0xf4,0xd1,0x73,
    0xc1,0x5b,0xc4,0x4d,0xdd,0x0b,0x45,0x04,0x70,0x15,0x94,0x1c,0xd0,0x55,0x1d,0xa9,
    0xf4,0x36,0x10,0x1d,0x48,0x06,0x26,0xe0,0x00,0x05,0xf8,0x75,0x50,0x77,0xe2,0x61,
    0x7e,0xf6,0x73,0x54,0x1d,0xd1,0x97,0x38,0x01,0x32,0x50,0x78,0x22,0x30,0x59,0xd1,
    0x0e,0x13,0x56,0xa2,0x55,0x40,0x03,0x20,0x40,0x01,0xaf,0x36,0x54,0x3b,0xd8,0xed,
    0x4d,0x80,0x0a,0x02,0x59,0x0b,0x9c,0xf3,0xc5,0x18,0x68,0x6c,0x35,0x25,0xe5,0x9e,
    0x84,0x34,0x87,0x40,0x35,0x95,0x66,0x8a,0x97,0x13,0x56,0xed,0xf8,0xb8,0x40,0x61,
    0xad,0xb1,0x90,0x87,0x4c,0xe4,0x22,0x1b,0xf9,0xc8,0x48,0x4e,0xb2,0x92,0x97,0xcc,
    0xe4,0x26,0x3b,0xf9,0xc9,0x50,0x8e,0xb2,0x94,0xa7,0x4c,0xe5,0x2a,0x5b,0xf9,0xca,
    0x58,0xce,0xb2,0x96,0xb7,0xcc,0xe5,0x2e,0x7b,0xf9,0xcb,0x60,0x0e,0xb3,0x98,0xc7,
    0x4c,0xe6,0x32,0x9b,0xf9,0xcc,0x68,0x4e,0xb3,0x9a,0xd7,0xcc,0xe6,0x36,0xbb,0xf9,
    0x32,0xcd,0x70,0x8e,0xb3,0x9c,0xe7,0x4c,0xe7,0x3a,0xdb,0xf9,0xce,0x78,0xce,0xb3,
    0x9e,0xf7,0xcc,0xe7,0x3e,0xfb,0xf9,0xcf,0x80,0x0e,0xb4,0xa0,0x07,0x4d,0xe8,0x42,
    0x1b,0xfa,0xd0,0x88,0x4e,0xb4,0xa2,0x17,0xcd,0xe8,0x46,0x3b,0xfa,0xd1,0x90,0x46,
    0x4a,0x40,0x00,0x00,0x21,0xf9,0x04,0x08,0x0c,0x00,0x00,0x00,0x2c,0x00,0x00,0x00,
    0x00,0xf0,0x00,0xf0,0x00,0x84,0xff,0xff,0xff,0xfe,0xfe,0xfe,0xfd,0xfd,0xfd,0xfc,
    0xfc,0xfc,0xfb,0xfb,0xfb,0xfa,0xfa,0xfa,0xf6,0xf6,0xf6,0xf0,0xf0,0xf0,0xed,0xed,
    0xed,0xe4,0xe4,0xe4,0xd7,0xd7,0xd7,0xcc,0xcc,0xcc,0xba,0xba,0xba,0xa1,0xa1,0xa1,
    0x8e,0x8e,0x8e,0x80,0x80,0x80,0x7f,0x7f,0x7f,0x70,0x70,0x70,0x60,0x60,0x60,0x4a,
    0x4a,0x4a,0x41,0x41,0x41,0x3d,0x3d,0x3d,0x2c,0x2c,0x2c,0x1a,0x1a,0x1a,0x11,0x11,
    0x11,0x0f,0x0f,0x0f,0x09,0x09,0x09,0x04,0x04,0x04,0x03,0x03,0x03,0x02,0x02,0x02,
    0x01,0x01,0x01,0x00,0x00,0x00,0x08,0xff,0x00,0x3f,0x08,0x1c,0x48,0xb0,0xa0,0xc1,
    0x83,0x08,0x13,0x2a,0x5c,0xc8,0xb0,0xa1,0xc3,0x87,0x10,0x23,0x4a,0x9c,0x48,0xb1,
    0xa2,0xc5,0x8b,0x18,0x33,0x6a,0xdc,0xc8,0xb1,0xa3,0xc7,0x8f,0x20,0x43,0x8a,0x1c,
    0x49,0xb2,0xa4,0xc9,0x93,0x28,0x53,0xaa,0x5c,0xc9,0xb2,0xa5,0xcb,0x97,0x30,0x63,
    0xca,0x9c,0x49,0xb3,0xa6,0xcd,0x9b,0x38,0x73,0xea,0xdc,0xc9,0xb3,0xa7,0xcf,0x9f,
    0x40,0x83,0x0a,0x1d,0x4a,0xb4,0xa8,0xd1,0xa3,0x48,0x93,0x2a,0x5d,0xca,0xb4,0xa9,
    0xd3,0xa7,0x50,0xa3,0x4a,0x9d,0x4a,0xb5,0xaa,0xd5,0xab,0x58,0xb3,0x6a,0xdd,0xca,
    0xb5,0xab,0xd7,0xaf,0x60,0xc3,0x8a,0x1d,0x4b,0xb6,0xac,0xd9,0xb3,0x68,0xd3,0xaa,
    0x5d,0xcb,0xb6,0xad,0xdb,0xb7,0x70,0xe3,0xca,0x9d,0x4b,0xb7,0xae,0xdd,0xbb,0x78,
    0xf3,0xea,0xdd,0xcb,0xb7,0xaf,0xdf,0xbf,0x80,0x03,0x0b,0x1e,0x4c,0xb8,0xb0,0xe1,
    0xc3,0x88,0x13,0x2b,0x5e,0xcc,0xb8,0xb1,0xe3,0xc7,0x90,0x23,0x4b,0x9e,0x4c,0xb9,
    0xb2,0xe5,0xcb,0x98,0x33,0x6b,0xde,0xcc,0xb9,0xb3,0xe7,0xcf,0xa0,0x43,0x8b,0x1e,
    0x4d,0xba,0xb4,0xe9,0xd3,0xa8,0x53,0xab,0x5e,0xcd,0xba,0xb5,0xeb,0xd7,0xb0,0x63,
    0xcb,0x9e,0x4d,0xbb,0xb6,0xed,0xdb,0xb8,0x73,0xeb,0xde,0xcd,0xbb,0xb7,0xef,0xdf,
    0xc0,0x83,0x0b,0x1f,0x4e,0xbc,0xb8,0xf1,0xe3,0xc8,0x93,0x2b,0x5f,0xce,0xbc,0xb9,
    0xf3,0xe7,0xd0,0xa3,0x4b,0x9f,0x4e,0xbd,0xfa,0x4e,0x0f,0x1c,0xb2,0x6b,0xef,0xe0,
    0xc1,0xba,0xc3,0x0e,0x1b,0xba,0x23,0xff,0xcc,0x2e,0xde,0xbb,0x41,0xee,0x03,0x31,
    0x54,0xa0,0xc0,0x9e,0xfd,0x05,0x0e,0x03,0xe1,0x9b,0x27,0x28,0xdf,0x82,0x83,0x05,
    0x07,0x00,0xe8,0xdf,0x6f,0x40,0x41,0x83,0x09,0xf0,0xa1,0x77,0x97,0x07,0x1d,0x68,
    0xb7,0x5d,0x79,0x54,0x11,0xf8,0x81,0x05,0x0c,0x0c,0xb0,0x9f,0x00,0x10,0x46,0xb8,
    0x1f,0x00,0x0a,0x4c,0x20,0x50,0x07,0x74,0x61,0x27,0xdf,0x78,0xe1,0x4d,0xa5,0x60,
    0x04,0x05,0xe8,0x47,0x80,0x00,0x01,0x4c,0xa8,0x5f,0x00,0x02,0x8c,0xa8,0x5f,0x03,
    0x19,0x7c,0x80,0x61,0x5c,0x1b,0x72,0x70,0x41,0x7b,0xed,0x59,0xa0,0x41,0x7c,0x08,
    0x32,0xa5,0x60,0x03,0x00,0x04,0xe0,0xa0,0x89,0x40,0xea,0x27,0x80,0x83,0x0b,0x60,
    0xe0,0xe2,0x5b,0x0a,0x72,0x30,0x41,0x03,0x0a,0x18,0x00,0xe4,0x00,0x09,0x30,0x20,
    0x41,0x8b,0x47,0x3a,0x05,0x1f,0x8f,0x05,0x94,0x18,0xe4,0x96,0x00,0x84,0x58,0xa4,
    0x07,0x39,0xa2,0xf5,0xe2,0x04,0x0a,0x4c,0x18,0xa1,0x84,0xfb,0x25,0x10,0xc1,0x06,
    0x1f,0x6c,0xa8,0x14,0x7c,0x11,0x74,0xc9,0xe5,0x9c,0x72,0x36,0x50,0x20,0x5b,0x18,
    0x66,0xc0,0x23,0x00,0x29,0x92,0x08,0x24,0x8a,0x03,0xfc,0xb8,0x80,0x05,0x6d,0x2e,
    0x85,0xa1,0x05,0x81,0x6a,0x49,0xe7,0x96,0x21,0x4a,0x50,0x68,0x5a,0x18,0x62,0xb0,
    0x00,0x00,0x03,0x08,0xb0,0xe8,0x89,0x04,0x00,0x80,0x40,0x05,0x8f,0x22,0x85,0x21,
    0x03,0x94,0x5e,0xca,0x25,0x84,0x09,0x60,0x00,0x26,0x5a,0x60,0x4a,0x2a,0xa7,0xa8,
    0xfb,0x65,0x8a,0x00,0xa1,0x2f,0x1a,0xff,0x75,0x68,0xa5,0xac,0x72,0xe9,0xa0,0xa3,
    0x6c,0x9e,0xc5,0x41,0x07,0x58,0xd6,0x3a,0xa1,0x83,0xa5,0x0a,0x58,0x14,0x9b,0x0e,
    0x00,0x90,0xa9,0xaf,0x4f,0x06,0xb0,0x40,0x07,0xb1,0x92,0x05,0x9f,0x04,0xab,0x22,
    0xab,0x5f,0x88,0x0d,0x74,0x4a,0x94,0x07,0x1b,0x4c,0x6a,0xa9,0xb4,0x13,0x96,0x68,
    0xc0,0x05,0x55,0x8e,0x95,0x6a,0x02,0x10,0x72,0xbb,0x5f,0xa5,0x9c,0xba,0x19,0x54,
    0x77,0x18,0xe4,0xa7,0xa8,0xb9,0x7c,0x02,0x60,0xa1,0xba,0x60,0xb1,0x09,0xed,0x8f,
    0xf0,0x66,0x5a,0x2d,0xbd,0x3f,0xc1,0x57,0x41,0xb9,0xf0,0xb6,0x0a,0x00,0x04,0x1f,
    0xe4,0x3a,0x16,0xb3,0x0b,0xf8,0x18,0x70,0x8f,0x01,0x1c,0x00,0x6e,0x98,0x3e,0xc1,
    0x47,0x41,0xbc,0x0b,0x1b,0x0b,0xc0,0x03,0x05,0x93,0x85,0xe1,0x05,0x4e,0xbe,0x6b,
    0xae,0x83,0xf3,0x12,0x25,0x31,0xc5,0x0b,0x67,0x8a,0xb1,0xc1,0x61,0xc1,0x37,0x01,
    0xc9,0x01,0x9b,0x9c,0xf1,0x50,0x23,0x6f,0x5b,0xf2,0xc5,0x2f,0x8b,0xc5,0x26,0x04,
    0x16,0x57,0xec,0x20,0x03,0xe1,0x06,0x15,0x73,0xc5,0x16,0x9f,0x4c,0x16,0x9b,0x0f,
    0xe4,0xbc,0xf0,0xce,0x3d,0x03,0xf5,0x73,0xc5,0x2e,0xa3,0x5c,0xef,0x07,0x45,0x1f,
    0x7b,0x34,0x00,0x3c,0x37,0xab,0xf4,0x07,0x13,0xcb,0xdc,0xf2,0xc0,0x35,0x87,0x45,
    0xb4,0xd1,0x01,0x23,0x6d,0x75,0xbf,0x58,0xb3,0x9c,0x2f,0xcd,0x4e,0x7f,0xf5,0xb5,
    0xd4,0x61,0x53,0x9d,0xf4,0x4f,0x1b,0x1b,0x10,0x80,0xc7,0xdc,0x82,0x6c,0xed,0xd3,
    0x51,0x03,0x2d,0x76,0x51,0xd8,0x96,0xff,0xa9,0xb5,0xb9,0x01,0x14,0x00,0xeb,0xd0,
    0x1f,0xe0,0xcc,0x36,0xbc,0x7b,0x8b,0xfc,0x01,0x8f,0x87,0x4b,0x6b,0xa9,0x02,0x1d,
    0x12,0x9e,0xb7,0xce,0x6e,0x8f,0x4d,0x36,0x05,0x28,0xce,0x2c,0xb4,0xb3,0x1f,0xac,
    0x8c,0xef,0xd6,0x0e,0x74,0x2d,0x54,0xdf,0x99,0x03,0x3e,0x40,0x01,0xe0,0x5a,0xee,
    0xd5,0xa1,0x59,0xea,0x0d,0x00,0xae,0x46,0xa9,0x0c,0x36,0xb2,0x2e,0xf3,0x0b,0x56,
    0xdf,0x66,0x73,0x1b,0x00,0x01,0x83,0xc7,0xbe,0x78,0xb4,0xbe,0x3a,0xa8,0x40,0x06,
    0xc2,0x4a,0x3e,0xbb,0xb4,0x03,0x04,0xc0,0x00,0xb3,0x48,0x11,0xa8,0xc1,0xa4,0x21,
    0x06,0xaf,0x69,0xef,0x66,0x6d,0x5c,0x40,0xf2,0x5b,0xc3,0xee,0xe9,0x07,0xaa,0xb6,
    0x2e,0x6a,0x88,0x9b,0xde,0x5d,0x16,0x7c,0x93,0xd7,0x4d,0xf5,0x06,0xaa,0x0f,0x15,
    0xe9,0x9e,0x23,0xd2,0x7d,0x62,0x8a,0xfa,0x0d,0x2a,0x7e,0x59,0x04,0x66,0x50,0xe6,
    0xe7,0xb5,0x42,0x68,0x00,0xf5,0x49,0xbd,0x28,0x41,0x02,0x0f,0x22,0x80,0x00,0x07,
    0x88,0x2f,0x03,0x3c,0xa0,0x45,0xb6,0x2b,0xcb,0xa1,0x10,0x10,0x2a,0x5f,0x0d,0xe9,
    0x75,0xf3,0x3b,0x8a,0x82,0x2e,0x20,0x81,0x05,0x38,0x29,0x48,0x04,0x50,0xc0,0x03,
    0x08,0xf5,0xb6,0xb4,0xf8,0x8b,0x81,0xd1,0x13,0xd5,0xb1,0xb4,0xf7,0x94,0x0d,0xcd,
    0x08,0x02,0x0f,0x40,0x21,0x04,0x20,0x30,0x01,0x0b,0xc8,0x87,0x03,0x10,0x53,0x0b,
    0x7c,0x2c,0x30,0x29,0x63,0xf9,0x69,0x4b,0x43,0xb2,0x14,0x02,0x48,0x08,0x15,0xec,
    0xc4,0x30,0x3e,0xe9,0x5b,0x0b,0x7c,0xff,0x32,0xf0,0x80,0x0b,0x52,0x6a,0x80,0x04,
    0x54,0x54,0x03,0x08,0x95,0x40,0xa7,0x14,0x68,0x03,0x50,0x8c,0xe2,0xae,0x7e,0xe8,
    0x96,0x17,0x59,0xe0,0x01,0x0a,0x68,0x5c,0x9a,0x1a,0xc0,0xa9,0x08,0x4e,0x07,0x3b,
    0x02,0xe1,0x80,0x05,0x26,0xb0,0xc2,0x07,0xa4,0x10,0x02,0x12,0xa8,0xc0,0x8d,0x5c,
    0x14,0x44,0xea,0xdc,0x69,0x21,0xd9,0x99,0x4f,0x42,0x08,0xc4,0x81,0x28,0xda,0x11,
    0x86,0x8a,0xd1,0x50,0x1b,0x47,0xa2,0xc7,0xdc,0xb8,0x69,0x57,0x2a,0xc1,0x16,0x7d,
    0xa8,0xc8,0x9a,0xee,0x68,0x60,0x3d,0xe0,0x2a,0x18,0x21,0x37,0x02,0xc6,0x0f,0x64,
    0x00,0x91,0x02,0x59,0xe4,0x69,0x14,0x04,0x01,0x00,0x02,0xe0,0x00,0x4b,0x0c,0xa3,
    0x24,0x2d,0x22,0x1f,0x22,0x5a,0x12,0x93,0x46,0xda,0x24,0x69,0x30,0xb4,0x27,0x80,
    0x1d,0x00,0x02,0x89,0x8c,0x1c,0x47,0xb0,0x83,0xa1,0x0d,0x48,0xa0,0x4c,0x7c,0xda,
    0xd6,0x02,0x88,0x27,0xca,0xd0,0x8c,0xac,0x00,0xdb,0x52,0x98,0xa6,0xd6,0x74,0x21,
    0x3c,0x5e,0x44,0x43,0x03,0x21,0x93,0x88,0xb4,0x14,0x00,0x27,0x6d,0xce,0x35,0x57,
    0x82,0x5f,0xb7,0x8e,0xa5,0x00,0x09,0x24,0xb2,0x60,0x53,0x8c,0xc8,0x13,0x07,0x92,
    0x81,0x09,0x80,0x8a,0x52,0x7f,0x83,0x90,0x02,0x34,0x50,0x4b,0xd0,0x60,0x68,0x52,
    0xf8,0x3b,0xd1,0x8f,0x0e,0xc0,0x80,0x09,0x50,0x29,0x8c,0x1b,0x98,0x22,0x98,0xd6,
    0x09,0xa6,0x27,0xaa,0x92,0x03,0x15,0x68,0x80,0x25,0x4b,0x67,0xa2,0x12,0x1d,0x20,
    0x94,0xaf,0x49,0xa6,0x16,0x85,0x84,0xff,0xaf,0x04,0x38,0xa0,0x85,0x4d,0x3c,0xc8,
    0x05,0xc8,0x08,0x4b,0x3e,0x85,0xf3,0x41,0x02,0xd8,0x66,0x37,0x3f,0x73,0xcb,0xbf,
    0xd5,0x93,0x56,0xfa,0x19,0x80,0x7f,0x58,0x68,0x01,0x0c,0x58,0xf4,0xa2,0x16,0x9d,
    0x51,0x04,0xee,0x63,0x44,0x1f,0xb9,0x6f,0x3f,0xc5,0x44,0x5b,0x6c,0x48,0x19,0x51,
    0x87,0x9a,0x28,0x45,0xf8,0x13,0xc0,0x01,0x0e,0x80,0x80,0x96,0x22,0x80,0xa5,0x46,
    0x14,0x92,0x8a,0xe6,0xa4,0xcb,0x59,0x16,0xaf,0x35,0x94,0xb4,0x24,0xf6,0xe8,0x84,
    0x22,0x01,0x1e,0x34,0x80,0x04,0xd8,0x29,0x4d,0xc7,0xd9,0x00,0x7c,0xce,0xa6,0x3b,
    0x19,0x78,0xa5,0x88,0x6e,0xb8,0xa8,0xb9,0x39,0xf5,0xa9,0x1f,0x0d,0xd2,0x03,0x35,
    0x85,0xca,0x48,0xda,0x46,0x3e,0xae,0xb4,0xa4,0x0d,0x81,0xb6,0xa5,0xdd,0x69,0xa9,
    0x00,0x0f,0x48,0xa4,0x2f,0x6d,0xd3,0x48,0x0a,0x2e,0x20,0x97,0x41,0x8d,0xaa,0xaf,
    0x7a,0x8a,0x2f,0x05,0x44,0x80,0x83,0xaa,0xcc,0x4d,0x23,0x17,0xe4,0x80,0x82,0xf2,
    0xa9,0x7d,0x8e,0x0b,0xea,0x84,0x12,0xd0,0x00,0x0a,0xe4,0x6a,0xac,0xbd,0xf1,0x61,
    0x18,0x29,0xe0,0x00,0x06,0x30,0xb0,0x55,0x69,0x9d,0xdb,0x9f,0xe6,0x36,0x24,0x02,
    0x28,0xca,0x00,0x0b,0x68,0xc0,0x94,0x80,0x58,0x1c,0xf0,0x10,0x04,0x03,0x13,0xa8,
    0x6b,0x38,0x51,0x74,0xa6,0x20,0xf1,0xd5,0x99,0xf4,0x01,0x6c,0x71,0xb0,0x83,0xbe,
    0xf8,0x58,0x00,0x02,0x0d,0x58,0x40,0x4b,0xf3,0x63,0x22,0x03,0xb4,0xd4,0x3f,0x0f,
    0xa0,0xc0,0x1a,0x3f,0xa0,0xa1,0x85,0x90,0xfa,0x86,0xb4,0x05,0xc1,0x40,0x06,0x2e,
    0xb0,0x1e,0x1a,0x5d,0x20,0x03,0x18,0xf8,0x63,0x69,0xad,0x43,0xa0,0x74,0x4a,0xb2,
    0x8e,0xa2,0x95,0xe3,0x3a,0x0d,0x94,0x1d,0xee,0x9c,0x4a,0x8e,0xd0,0x8d,0xae,0x74,
    0xa7,0x4b,0xdd,0xea,0x5a,0xf7,0xba,0xd8,0xcd,0xae,0x76,0xb7,0xcb,0xdd,0xee,0x7a,
    0xf7,0xbb,0xe0,0x0d,0xaf,0x78,0xc7,0x4b,0xde,0xf2,0x9a,0xf7,0xbc,0xe8,0x4d,0xaf,
    0x7a,0xd7,0xcb,0xde,0xf6,0xba,0xf7,0xbd,0xf0,0x8d,0xaf,0x7c,0xe7,0x4b,0xdf,0xfa,
    0xda,0xf7,0xbe,0xf8,0xcd,0xaf,0x7e,0xf7,0xcb,0xdf,0xfe,0xfa,0xf7,0xbf,0x00,0x0e,
    0xb0,0x80,0x07,0x4c,0xe0,0x02,0x1b,0xf8,0xc0,0x08,0x4e,0xb0,0x82,0x17,0xcc,0xe0,
    0x06,0x3b,0xf8,0xc1,0x10,0x8e,0xb0,0x84,0x27,0x4c,0xe1,0x0a,0x5b,0xf8,0xc2,0x18,
    0xce,0xb0,0x86,0x37,0xfc,0x94,0x80,0x00,0x00,0x21,0xf9,0x04,0x08,0x0c,0x00,0x00,
    0x00,0x2c,0x00,0x00,0x00,0x00,0xf0,0x00,0xf0,0x00,0x84,0xff,0xff,0xff,0xfe,0xfe,
    0xfe,0xfd,0xfd,0xfd,0xfc,0xfc,0xfc,0xfb,0xfb,0xfb,0xf8,0xf8,0xf8,0xf1,0xf1,0xf1,
    0xee,0xee,0xee,0xe7,0xe7,0xe7,0xe0,0xe0,0xe0,0xd6,0xd6,0xd6,0xc6,0xc6,0xc6,0xa9,
    0xa9,0xa9,0x9c,0x9c,0x9c,0x87,0x87,0x87,0x79,0x79,0x79,0x66,0x66,0x66,0x4e,0x4e,
    0x4e,0x43,0x43,0x43,0x41,0x41,0x41,0x3f,0x3f,0x3f,0x30,0x30,0x30,0x1d,0x1d,0x1d,
    0x14,0x14,0x14,0x11,0x11,0x11,0x0f,0x0f,0x0f,0x08,0x08,0x08,0x04,0x04,0x04,0x03,
    0x03,0x03,0x02,0x02,0x02,0x01,0x01,0x01,0x00,0x00,0x00,0x08,0xff,0x00,0x3f,0x08,
    0x1c,0x48,0xb0,0xa0,0xc1,0x83,0x08,0x13,0x2a,0x5c,0xc8,0xb0,0xa1,0xc3,0x87,0x10,
    0x23,0x4a,0x9c,0x48,0xb1,0xa2,0xc5,0x8b,0x18,0x33,0x6a,0xdc,0xc8,0xb1,0xa3,0xc7,
    0x8f,0x20,0x43,0x8a,0x1c,0x49,0xb2,0xa4,0xc9,0x93,0x28,0x53,0xaa,0x5c,0xc9,0xb2,
    0xa5,0xcb,0x97,0x30,0x63,0xca,0x9c,0x49,0xb3,0xa6,0xcd,0x9b,0x38,0x73,0xea,0xdc,
    0xc9,0xb3,0xa7,0xcf,0x9f,0x40,0x83,0x0a,0x1d,0x4a,0xb4,0xa8,0xd1,0xa3,0x48,0x93,
    0x2a,0x5d,0xca,0xb4,0xa9,0xd3,0xa7,0x50,0xa3,0x4a,0x9d,0x4a,0xb5,0xaa,0xd5,0xab,
    0x58,0xb3,0x6a,0xdd,0xca,0xb5,0xab,0xd7,0xaf,0x60,0xc3,0x8a,0x1d,0x4b,0xb6,0xac,
    0xd9,0xb3,0x68,0xd3,0xaa,0x5d,0xcb,0xb6,0xad,0xdb,0xb7,0x70,0xe3,0xca,0x9d,0x4b,
    0xb7,0xae,0xdd,0xbb,0x78,0xf3,0xea,0xdd,0xcb,0xb7,0xaf,0xdf,0xbf,0x80,0x03,0x0b,
    0x1e,0x4c,0xb8,0xb0,0xe1,0xc3,0x88,0x13,0x2b,0x5e,0xcc,0xb8,0xb1,0xe3,0xc7,0x90,
    0x23,0x4b,0x9e,0x4c,0xb9,0xb2,0xe5,0xcb,0x98,0x33,0x6b,0xde,0xcc,0xb9,0xb3,0xe7,
    0xcf,0xa0,0x43,0x8b,0x1e,0x4d,0xba,0xb4,0xe9,0xd3,0xa8,0x53,0xab,0x5e,0xcd,0xba,
    0xb5,0xeb,0xd7,0xb0,0x63,0xcb,0x9e,0x4d,0xbb,0xb6,0xed,0xdb,0xb8,0x73,0xeb,0xde,
    0xcd,0xbb,0xb7,0xef,0xdf,0xc0,0x83,0x0b,0x1f,0x4e,0xbc,0xb8,0xf1,0xe3,0xc8,0x93,
    0x2b,0x5f,0xce,0xbc,0xb9,0xf3,0xe7,0xd0,0xa3,0x4b,0x9f,0x4e,0xbd,0xba,0xf5,0xeb,
    0xd8,0xb3,0x6b,0xdf,0xce,0xbd,0xbb,0xf7,0xef,0x20,0x3d,0x88,0xff,0x1f,0x4f,0x7e,
    0x3c,0x78,0x0e,0x1c,0x3c,0x34,0x44,0xaf,0x5e,0xbb,0xf8,0x81,0x19,0x32,0x60,0x98,
    0x4f,0x7f,0x7e,0x7c,0x0e,0x03,0x3b,0x64,0xd7,0xff,0x41,0x42,0x83,0x05,0x07,0x04,
    0x28,0xe0,0x80,0x01,0x2a,0xc0,0x00,0x04,0x1a,0x7c,0x80,0x5f,0x5d,0xe5,0x35,0xf8,
    0xde,0x54,0xfa,0x59,0xc0,0x00,0x00,0x14,0x56,0x68,0xe1,0x85,0x15,0x2a,0x40,0x81,
    0x82,0x72,0xb1,0xb7,0x5e,0x7a,0x50,0xe9,0x57,0x01,0x02,0x00,0x08,0x40,0x80,0x00,
    0x01,0xa4,0xa8,0xe2,0x8a,0x29,0x0a,0x30,0x00,0x01,0x00,0x10,0x00,0x01,0x87,0x6e,
    0x3d,0xf8,0x41,0x7c,0xf5,0xd5,0x77,0x5f,0x7e,0x4e,0x75,0xe0,0xc1,0x05,0x24,0xc2,
    0x88,0xe1,0x90,0x16,0x0e,0x10,0x00,0x00,0x12,0xd0,0xb8,0x16,0x7f,0xfe,0x01,0x48,
    0xe0,0x93,0x06,0x22,0xa8,0xa4,0x52,0xfa,0x2d,0x10,0x23,0x91,0x58,0x56,0x88,0x22,
    0x02,0x17,0xd8,0x88,0x56,0x84,0x13,0x66,0x39,0xa4,0x86,0x53,0x1e,0x85,0x9f,0x04,
    0x00,0x0c,0x20,0xa6,0x98,0x30,0x3e,0xf0,0xc1,0x06,0x6a,0x89,0x48,0xa2,0x89,0x28,
    0xb2,0x68,0xa7,0x8b,0x30,0xca,0x58,0x66,0x51,0xf8,0x35,0x10,0x80,0x90,0x6b,0x12,
    0x89,0x62,0x02,0x1a,0xb4,0x77,0x96,0x8f,0x40,0x5e,0x19,0x68,0x91,0x47,0x26,0xb9,
    0xe0,0x51,0x1e,0x6c,0x60,0xa5,0x00,0x8b,0x12,0x99,0x62,0x01,0x16,0x7c,0xc0,0x9f,
    0x59,0x55,0x2a,0x5a,0xa9,0x96,0x01,0x70,0xe9,0xe5,0x50,0xea,0x61,0x70,0x00,0x00,
    0x47,0x7e,0x8a,0x21,0xa5,0x8e,0x9e,0x75,0x66,0x9a,0xaa,0x5e,0xff,0xd8,0xe6,0x9b,
    0x90,0x7e,0x80,0x81,0x01,0xa8,0xc6,0x7a,0x21,0xab,0x7b,0x86,0xd5,0xe7,0x9f,0xba,
    0x82,0x4a,0xa8,0xa1,0x45,0x79,0xa0,0x81,0x02,0x25,0x06,0x5b,0x61,0x00,0x05,0x54,
    0xa0,0xe9,0x59,0x91,0x4e,0xaa,0x2c,0xaa,0xcc,0x66,0xba,0x29,0x51,0xf8,0x31,0x00,
    0xac,0xb2,0x94,0x22,0x90,0x20,0xb1,0x62,0x95,0x7a,0x6a,0xaa,0xdc,0x22,0xd9,0x2b,
    0x50,0x70,0x42,0x00,0xab,0xb2,0x30,0x36,0x70,0xee,0x57,0xa5,0xe2,0x4a,0x6e,0xb0,
    0xbc,0x3e,0x4a,0x94,0x78,0xc7,0xae,0x1b,0x6b,0x00,0x03,0x0c,0xe0,0xec,0xb5,0x64,
    0x19,0x8b,0x2c,0xa5,0xd3,0x32,0xfb,0x2f,0x52,0xfa,0x51,0x10,0x80,0x00,0x04,0x7f,
    0x0a,0xac,0x9b,0xf6,0x96,0x95,0xed,0xb6,0xf4,0x02,0xe0,0xed,0x07,0xe0,0x62,0xfb,
    0x81,0xba,0x31,0xa2,0xb8,0x66,0x8a,0x04,0x1c,0xe9,0x6e,0xc4,0x65,0xa5,0xab,0xaf,
    0xae,0xed,0xbe,0x2b,0xd4,0x99,0x24,0x52,0xc8,0xf0,0xcb,0x30,0xbf,0x5c,0x61,0x01,
    0x6e,0xfa,0xa8,0x16,0xbe,0xc8,0xaa,0xa9,0x2b,0xbf,0xfe,0x3e,0xbb,0x14,0x7e,0x17,
    0x38,0xa0,0x00,0xae,0x6c,0x26,0xd0,0xc0,0xbf,0x19,0x73,0xfa,0x81,0xc2,0x0c,0xef,
    0x3b,0x2b,0xc9,0x48,0x2d,0xc8,0x81,0x05,0x13,0x54,0x6d,0xf5,0xd5,0x55,0x57,0x90,
    0xa0,0xca,0x12,0x6f,0x4c,0xe1,0x89,0xf3,0x5a,0xfa,0xa7,0xc8,0x5c,0x17,0x0b,0x75,
    0x42,0x1c,0x00,0xcc,0x16,0xcb,0x5a,0xc6,0xec,0xf6,0xcc,0x35,0x27,0xbd,0x94,0x07,
    0x1d,0xa0,0x67,0xf7,0xdd,0x76,0xdb,0x3c,0x17,0xd0,0x42,0x13,0xff,0x9d,0x25,0x01,
    0x46,0x23,0x8d,0x9d,0xd4,0x54,0x63,0x6d,0xb8,0xd6,0x02,0x9d,0x3d,0x9d,0x07,0x8a,
    0x1f,0x94,0xb6,0x77,0x74,0xe3,0x2d,0x79,0xda,0x72,0x83,0x67,0xf9,0xe5,0x98,0x67,
    0x6e,0x1c,0xe3,0x8f,0xb7,0xc4,0xb9,0xda,0xb3,0xd9,0xdb,0x39,0x4a,0x91,0x12,0x04,
    0x62,0x6d,0xea,0x65,0x40,0xc1,0x04,0x99,0xbe,0x59,0x79,0x47,0x8c,0x0b,0xa4,0x3a,
    0xeb,0x02,0xbd,0x9e,0x1a,0xdd,0x1f,0x3c,0xd0,0xb2,0x01,0x47,0x27,0x6e,0x3b,0x46,
    0x0b,0x66,0xe0,0x40,0x02,0x14,0xf2,0x8e,0x01,0xc6,0xb2,0xe9,0xd7,0x80,0xcb,0x04,
    0x1b,0xf0,0xc0,0x05,0x02,0x6d,0xf0,0xbb,0x44,0x8c,0xeb,0xa7,0x01,0x04,0xc8,0x96,
    0x48,0xf0,0x02,0x19,0xe8,0xed,0x1a,0x7e,0x13,0x74,0x4c,0x21,0xbf,0x14,0x22,0x20,
    0xa5,0xa6,0xa7,0x5b,0xc4,0xf9,0x40,0x11,0x64,0x1f,0xf2,0xf8,0x05,0x00,0xe0,0x00,
    0xad,0xaf,0x65,0x6b,0xe2,0x85,0xdb,0x2a,0x00,0x41,0xeb,0x6f,0x52,0x1e,0x51,0xdd,
    0x70,0x92,0x5d,0x04,0xac,0x94,0xa6,0x86,0x31,0x6f,0x58,0xb0,0xe9,0x94,0xce,0xf0,
    0xa7,0x33,0x03,0x30,0x20,0x02,0x19,0x30,0xdd,0x06,0x28,0xe7,0x20,0x00,0x4a,0x6f,
    0x20,0x1c,0xa0,0x40,0x03,0x88,0x87,0x2a,0x03,0x2e,0x0b,0x00,0x06,0x80,0xde,0xf4,
    0x44,0x63,0x3f,0x40,0xad,0x6a,0x81,0x09,0x70,0x40,0x04,0x2a,0xd0,0xb8,0x83,0x58,
    0x40,0x02,0x0f,0xc8,0x5e,0x89,0x16,0xb8,0x2a,0x01,0x20,0xb0,0x7e,0x1f,0x08,0xdf,
    0x89,0xb2,0xc4,0xaf,0x86,0x0d,0x40,0x01,0x0d,0x78,0x80,0x04,0xff,0x2a,0x90,0x23,
    0xfa,0xbc,0xf0,0x01,0xff,0x89,0xdf,0xf8,0x8c,0xc4,0xc3,0xf8,0xcd,0x2f,0x80,0xaf,
    0x51,0x1e,0x85,0x06,0xe0,0xc1,0x55,0x11,0x80,0x86,0x25,0x7a,0x52,0x80,0x94,0xa8,
    0xa5,0x1d,0xf2,0x50,0x67,0xdc,0xf3,0x9e,0x6b,0x70,0xa7,0xbb,0x29,0x86,0x6d,0x48,
    0x0b,0x23,0xc0,0x15,0xb3,0x64,0xa2,0x2b,0x9e,0x11,0x43,0xe4,0x03,0x61,0x03,0x8e,
    0x37,0x42,0xd3,0xa4,0x0e,0x7b,0x5f,0xf3,0x58,0xa0,0xec,0xb4,0xa2,0x4a,0xb9,0xa8,
    0x7c,0x0f,0x68,0x5d,0x1d,0x4f,0xb3,0xa0,0xeb,0xb5,0x4c,0x7c,0xd3,0x12,0xd3,0xd8,
    0x28,0x54,0x00,0x07,0x40,0x4f,0x41,0x83,0x44,0x4d,0xec,0x3e,0x70,0x01,0x08,0x2c,
    0x80,0x60,0x7f,0x62,0x62,0x22,0xc7,0x67,0xa2,0x05,0xea,0xcf,0x59,0xae,0xe3,0xcd,
    0x24,0x3f,0x50,0x01,0xa1,0x59,0x88,0x4e,0x6f,0x5c,0x53,0x27,0x2d,0x64,0x34,0x09,
    0x04,0x30,0x7d,0xbd,0x61,0x5c,0x7b,0x38,0xd0,0xa4,0x53,0x55,0x48,0x8d,0x46,0x4a,
    0x11,0x1c,0x5b,0xf4,0x22,0x72,0x15,0x60,0x01,0x0d,0x80,0x40,0x04,0x13,0x07,0x3a,
    0xdf,0x74,0x00,0x8a,0x94,0x8c,0x80,0xd0,0xb0,0xd8,0x41,0x98,0x0d,0xc9,0x68,0xfb,
    0x33,0x1d,0x2c,0x8b,0xc3,0xb8,0x0d,0x6c,0x8a,0x03,0x15,0x40,0xa2,0x93,0xfc,0x36,
    0xb3,0x02,0x31,0xc0,0x01,0x12,0xd8,0x1a,0xc6,0x3c,0xf4,0x9c,0x6a,0x16,0x04,0x03,
    0x19,0xb8,0xc0,0xea,0xac,0x46,0x01,0x0b,0xc8,0x47,0x74,0xd6,0xbc,0x0e,0xdd,0x26,
    0x38,0x3d,0x0e,0xd0,0xf3,0x3b,0xe3,0x91,0x9c,0x8f,0x46,0xa5,0x68,0xb9,0x7e,0xfa,
    0xf3,0x9f,0x00,0x0d,0xa8,0x40,0x07,0x4a,0xd0,0x82,0x1a,0xf4,0xa0,0x08,0x4d,0xa8,
    0x42,0x17,0xca,0xd0,0x86,0x3a,0xf4,0xa1,0x10,0x8d,0xa8,0x44,0x27,0x4a,0xd1,0x8a,
    0x5a,0xf4,0xa2,0x18,0xcd,0xa8,0x46,0x37,0xca,0xd1,0x8e,0x7a,0xf4,0xa3,0x20,0x0d,
    0xa9,0x48,0x47,0x4a,0xd2,0x92,0x9a,0xf4,0xa4,0x28,0x4d,0xa9,0x4a,0x57,0xca,0xd2,
    0x96,0xba,0xf4,0xa5,0x30,0x8d,0xa9,0x4c,0x67,0x4a,0xd3,0x9a,0xda,0xf4,0xa6,0x38,
    0xcd,0xa9,0x4e,0x77,0xca,0xd3,0x9e,0xfa,0xf4,0xa7,0x40,0x0d,0xaa,0x50,0x87,0x4a,
    0xd4,0xa2,0x32,0x26,0x20,0x00,0x21,0xf9,0x04,0x08,0x0c,0x00,0x00,0x00,0x2c,0x00,
    0x00,0x00,0x00,0xf0,0x00,0xf0,0x00,0x84,0xff,0xff,0xff,0xfe,0xfe,0xfe,0xfd,0xfd,
    0xfd,0xfc,0xfc,0xfc,0xfb,0xfb,0xfb,0xf9,0xf9,0xf9,0xf0,0xf0,0xf0,0xee,0xee,0xee,
    0xeb,0xeb,0xeb,0xdd,0xdd,0xdd,0xcd,0xcd,0xcd,0xc2,0xc2,0xc2,0xbe,0xbe,0xbe,0xb4,
    0xb4,0xb4,0x95,0x95,0x95,0x83,0x83,0x83,0x80,0x80,0x80,0x7b,0x7b,0x7b,0x66,0x66,
    0x66,0x50,0x50,0x50,0x41,0x41,0x41,0x3c,0x3c,0x3c,0x2f,0x2f,0x2f,0x1d,0x1d,0x1d,
    0x13,0x13,0x13,0x11,0x11,0x11,0x0b,0x0b,0x0b,0x04,0x04,0x04,0x03,0x03,0x03,0x02,
    0x02,0x02,0x01,0x01,0x01,0x00,0x00,0x00,0x08,0xff,0x00,0x3f,0x08,0x1c,0x48,0xb0,
    0xa0,0xc1,0x83,0x08,0x13,0x2a,0x5c,0xc8,0xb0,0xa1,0xc3,0x87,0x10,0x23,0x4a,0x9c,
    0x48,0xb1,0xa2,0xc5,0x8b,0x18,0x33,0x6a,0xdc,0xc8,0xb1,0xa3,0xc7,0x8f,0x20,0x43,
    0x8a,0x1c,0x49,0xb2,0xa4,0xc9,0x93,0x28,0x53,0xaa,0x5c,0xc9,0xb2,0xa5,0xcb,0x97,
    0x30,0x63,0xca,0x9c,0x49,0xb3,0xa6,0xcd,0x9b,0x38,0x73,0xea,0xdc,0xc9,0xb3,0xa7,
    0xcf,0x9f,0x40,0x83,0x0a,0x1d,0x4a,0xb4,0xa8,0xd1,0xa3,0x48,0x93,0x2a,0x5d,0xca,
    0xb4,0xa9,0xd3,0xa7,0x50,0xa3,0x4a,0x9d,0x4a,0xb5,0xaa,0xd5,0xab,0x58,0xb3,0x6a,
    0xdd,0xca,0xb5,0xab,0xd7,0xaf,0x60,0xc3,0x8a,0x1d,0x4b,0xb6,0xac,0xd9,0xb3,0x68,
    0xd3,0xaa,0x5d,0xcb,0xb6,0xad,0xdb,0xb7,0x70,0xe3,0xca,0x9d,0x4b,0xb7,0xae,0xdd,
    0xbb,0x78,0xf3,0xea,0xdd,0xcb,0xb7,0xaf,0xdf,0xbf,0x80,0x03,0x0b,0x1e,0x4c,0xb8,
    0xb0,0xe1,0xc3,0x88,0x13,0x2b,0x5e,0xcc,0xb8,0xb1,0xe3,0xc7,0x90,0x23,0x4b,0x9e,
    0x4c,0xb9,0xb2,0xe5,0xcb,0x98,0x33,0x6b,0xde,0xcc,0xb9,0xb3,0xe7,0xcf,0xa0,0x43,
    0x8b,0x1e,0x4d,0xba,0xb4,0xe9,0xd3,0xa8,0x53,0xab,0x5e,0xcd,0xba,0xb5,0xeb,0xd7,
    0xb0,0x63,0xcb,0x9e,0x4d,0xbb,0xb6,0xed,0xdb,0xb8,0x73,0xeb,0xde,0xcd,0xbb,0xb7,
    0xef,0xdf,0xc0,0x83,0x0b,0x1f,0x4e,0xbc,0xb8,0xf1,0xe3,0xc8,0x93,0x2b,0xc7,0xed,
    0xa1,0x03,0x87,0x0d,0xd0,0xa3,0x47,0xe7,0xe0,0x61,0x79,0x45,0xe7,0x0e,0x39,0x70,
    0xb0,0x0e,0xd1,0xc3,0xf6,0x0f,0x1c,0x2c,0x4c,0xff,0x80,0x40,0xbe,0x3c,0x79,0x09,
    0x16,0x34,0x08,0xec,0xd0,0x81,0x3b,0xc3,0xf6,0x1f,0x2c,0x40,0x50,0x40,0x00,0x80,
    0xfd,0xfb,0xf8,0x01,0x24,0x70,0x50,0x41,0xe0,0xf7,0xb9,0xde,0x49,0x27,0xe0,0x06,
    0x1c,0xc0,0x27,0xd5,0x76,0x1a,0x3c,0x50,0xc0,0x7d,0x03,0x10,0xe0,0xe0,0x83,0x0e,
    0x0e,0x10,0xc0,0x7d,0x0d,0x5c,0x00,0x5e,0x5c,0xde,0x19,0xb8,0x90,0x77,0xd5,0x3d,
    0xb5,0x9d,0x05,0x0a,0xd8,0x47,0x80,0x00,0x13,0xe6,0x97,0x9f,0x00,0x03,0x08,0x00,
    0xc0,0x01,0x13,0x7c,0xb0,0xc1,0x5b,0xff,0x61,0x50,0x81,0x04,0xe6,0x99,0x17,0x01,
    0x05,0x16,0xfa,0xe7,0xd4,0x87,0x07,0x00,0xb0,0xa0,0x89,0x40,0xe2,0x57,0x1f,0x00,
    0x12,0xb8,0xd8,0xd6,0x8b,0x1b,0x4c,0xd0,0x00,0x02,0x41,0xe2,0x57,0xc0,0x02,0x12,
    0x60,0xf0,0x41,0x07,0x1d,0x26,0xd5,0x9e,0x05,0x3d,0x0e,0xd0,0xe4,0x96,0x00,0xa0,
    0x48,0xe4,0x85,0x69,0x35,0xf7,0x01,0x05,0x21,0xda,0x27,0x00,0x84,0x68,0x8e,0x78,
    0x1f,0x02,0x45,0x4e,0x99,0x54,0x73,0x1a,0x84,0xa8,0x25,0x97,0x5b,0x0a,0x20,0x40,
    0x01,0x16,0xb8,0x79,0x96,0x98,0x10,0xd8,0x37,0x80,0x84,0x74,0x06,0x70,0xa6,0x7d,
    0x0d,0x48,0xa9,0x21,0x51,0xdb,0x3d,0x00,0xc0,0x90,0x74,0x6e,0xa9,0xe5,0x02,0x1b,
    0x1c,0x2a,0x96,0x07,0x2f,0x3a,0x00,0xc0,0x9f,0x8d,0xe6,0x17,0xc0,0x82,0x0a,0x64,
    0xa0,0x27,0x51,0xed,0x5d,0x50,0x00,0xa0,0x99,0x6e,0x59,0x5f,0x8b,0x2f,0x96,0xb5,
    0x9d,0xa5,0x05,0x94,0x58,0xaa,0x93,0x00,0x28,0xff,0xa0,0x01,0x95,0x45,0xbd,0xd8,
    0x27,0xa3,0xaf,0x02,0x29,0x21,0x03,0xec,0xa9,0xfa,0x81,0x04,0x3e,0xe6,0x0a,0xe4,
    0x82,0x0e,0x80,0x39,0x14,0xa5,0x09,0x74,0x29,0x6c,0x93,0x01,0x10,0x60,0xa1,0xa4,
    0x5d,0x79,0xe0,0xc1,0x05,0x06,0xd8,0xb9,0xac,0x89,0xf5,0x51,0x60,0x2c,0x50,0x57,
    0xb6,0x7a,0x6d,0x90,0x5a,0x16,0x99,0x6a,0x58,0xab,0x2e,0xfa,0xed,0x89,0x01,0x24,
    0xb0,0x41,0x95,0x40,0x6d,0x37,0xc1,0xa5,0xe7,0x62,0x0b,0x40,0xb1,0xe3,0x7e,0x55,
    0x1d,0x06,0x08,0x04,0xe0,0x6a,0xbc,0x5d,0x06,0xa0,0xed,0x7f,0x3f,0xbd,0xa8,0x28,
    0xae,0xfc,0x3e,0xfa,0xe9,0x57,0x2f,0x02,0x3b,0x27,0xbf,0x22,0xce,0xbb,0xad,0x4f,
    0xb6,0x9a,0xcb,0xb0,0x9f,0x00,0x30,0x70,0xb0,0x57,0xab,0x36,0x3b,0xb1,0x99,0xfa,
    0xad,0x2b,0x54,0xc4,0x04,0xc7,0xab,0xa5,0xc5,0xd0,0x6e,0x45,0x69,0x88,0x2a,0x6e,
    0xac,0x6f,0x01,0xcf,0x06,0x05,0xf2,0xc6,0xf0,0x92,0x1c,0xd6,0xbd,0x06,0x00,0xb0,
    0x2f,0xc3,0x2a,0xfe,0xeb,0xf2,0x07,0xb7,0xc2,0x3c,0xf2,0xc5,0x5c,0x55,0x97,0x41,
    0x8f,0x37,0xf3,0x9b,0xf3,0xc3,0x3c,0xbd,0xbc,0xf1,0xcf,0x25,0x67,0x25,0x34,0xd1,
    0x30,0x2b,0xab,0x33,0x50,0x4a,0x4f,0xcc,0xf4,0xcc,0x1f,0x0c,0x6d,0x73,0xd4,0x47,
    0x03,0xdc,0x53,0xd5,0x0c,0x5f,0x0d,0xd6,0xd3,0x5b,0xc3,0xdc,0xf5,0xce,0x3d,0x2f,
    0x5d,0x31,0xd0,0x26,0x67,0x0d,0xb5,0xd9,0x00,0x4c,0x1d,0x30,0xcf,0x12,0x5b,0xbd,
    0x76,0xd3,0x58,0x91,0x5d,0x74,0xbc,0x67,0x53,0xff,0x4d,0x77,0xc8,0xe7,0x8a,0x6d,
    0xaf,0xdb,0x65,0x6f,0xdc,0xf7,0xdc,0x69,0xdb,0x2d,0xf3,0xd8,0x84,0xef,0x7d,0xee,
    0xe1,0x10,0xff,0xed,0xf3,0xdd,0x58,0x6b,0xed,0xf8,0xb7,0x90,0x7f,0x2d,0xb9,0xda,
    0x8b,0x0f,0x6e,0x39,0xd7,0x71,0x23,0xbd,0x13,0xd8,0x05,0x53,0xce,0xf8,0xe7,0x70,
    0xcb,0x1d,0x79,0xe2,0x61,0x9b,0xee,0xf9,0xdb,0x86,0x87,0xee,0x75,0xd2,0x9b,0x2b,
    0xce,0xb6,0x56,0x7a,0x83,0xae,0xba,0xe6,0xac,0x97,0xde,0xb9,0x57,0xb9,0xa7,0x2e,
    0xba,0x4e,0xa4,0x8b,0xec,0x3a,0xf0,0x8d,0xeb,0x3e,0x7c,0x4e,0xc5,0x07,0x7e,0x7c,
    0xb4,0xc9,0x0b,0x3f,0xfb,0xe8,0xb5,0xb7,0xfe,0x3b,0xf4,0xa8,0xc7,0xbe,0x3b,0xed,
    0x03,0x4f,0xbe,0xc0,0xed,0x4e,0x47,0xaf,0xfd,0xf2,0x38,0x25,0x0c,0xef,0xc6,0xf5,
    0x15,0x3b,0x3d,0xee,0xe2,0x4f,0x9c,0x39,0x4f,0x57,0x92,0x3a,0x71,0x7d,0xe2,0x56,
    0x0e,0xbb,0xfb,0xb2,0x07,0x55,0x9d,0x06,0x4c,0x5e,0x2e,0xec,0x84,0x79,0xc2,0xdb,
    0x55,0x68,0x56,0x38,0xfc,0x6d,0x8f,0x27,0x19,0x03,0xdc,0xb2,0x48,0xa4,0x00,0x8f,
    0xcd,0xcc,0x03,0x1a,0x48,0x56,0xca,0x54,0x86,0x27,0xf0,0xe5,0xe4,0x43,0xe7,0xe3,
    0x57,0x7d,0x22,0x60,0x24,0xb1,0x6c,0xa7,0x01,0x01,0x58,0x18,0xc3,0x26,0x94,0x00,
    0xf5,0xb0,0xeb,0x27,0x05,0x6a,0x40,0x06,0x31,0x97,0x2e,0x0c,0xd0,0x4a,0x2c,0x2f,
    0x8a,0x40,0xdd,0x18,0x56,0x9f,0x06,0x90,0x4f,0x27,0x54,0xba,0xc0,0x01,0xac,0xf5,
    0xad,0x4d,0x01,0xa0,0x45,0xeb,0xe3,0x4a,0xa8,0xff,0x5a,0xe5,0xbf,0x5c,0x85,0xeb,
    0x86,0x3a,0x71,0xd7,0xa5,0x26,0x28,0x2c,0x62,0x21,0x51,0x2b,0x1f,0x9c,0xe1,0xe3,
    0x04,0x80,0x00,0x0d,0x48,0xcb,0x28,0xe6,0x5b,0x61,0xa6,0xbc,0x44,0xaf,0x13,0x86,
    0x85,0x4a,0x16,0xf8,0x53,0x11,0x33,0x45,0xbf,0x27,0x52,0x4f,0x02,0x35,0x23,0x80,
    0xfc,0xea,0x34,0xa4,0x62,0xbd,0xd0,0x2c,0xe5,0xfa,0x91,0xf3,0x1a,0xf8,0x46,0x2c,
    0xc6,0x87,0x01,0x0c,0x52,0xe3,0x9f,0xf6,0xf8,0x27,0x07,0x95,0x28,0x01,0x2d,0xaa,
    0x63,0x59,0xbc,0xc3,0x81,0x05,0x04,0xeb,0x5b,0x5a,0x3a,0xc0,0x05,0xc4,0xa4,0x94,
    0xef,0x48,0x80,0x01,0x0a,0xcc,0x8f,0x02,0x22,0xe0,0xa9,0x20,0x8e,0x45,0x5a,0x18,
    0x08,0x91,0xb7,0x9a,0xb8,0xa2,0x00,0x36,0xe5,0x85,0x16,0x90,0x80,0x03,0x18,0x40,
    0xca,0x52,0x92,0xd2,0x01,0x12,0xa8,0xc0,0x77,0x2c,0x49,0x96,0xf6,0x60,0x40,0x85,
    0x8b,0x1a,0xa3,0x7d,0x9a,0xa5,0xa2,0x04,0xe4,0x89,0x95,0x45,0xa1,0xce,0x43,0x1c,
    0xe8,0x16,0xf8,0x44,0xa0,0x66,0x5d,0xd2,0x23,0x1f,0xf9,0xa8,0xc6,0xfb,0x38,0x40,
    0x4a,0xb8,0x3c,0x4a,0x07,0xa0,0xc3,0x9e,0x66,0x36,0xf3,0x39,0xba,0x94,0x8b,0x98,
    0x2c,0xf0,0x80,0x64,0x35,0xca,0x00,0x0e,0xd0,0x96,0x05,0xdd,0xf3,0x1d,0x0d,0x50,
    0x20,0x02,0x0d,0x30,0xa5,0x29,0x1b,0xf0,0x80,0x09,0xe4,0x28,0x9a,0xee,0x51,0xc8,
    0x32,0x21,0xa2,0x9d,0x74,0x3e,0x24,0x40,0x05,0x72,0xe6,0x33,0x09,0x24,0x40,0x77,
    0xda,0x53,0x38,0x84,0xf4,0x22,0x47,0x9a,0x53,0xff,0xa0,0xe2,0xd4,0xeb,0x39,0x04,
    0xd2,0x67,0x44,0x9a,0x03,0x1d,0x80,0xa1,0x33,0x38,0xde,0xac,0x80,0x7a,0x08,0xc2,
    0x9e,0x82,0x6a,0x87,0x3a,0xd2,0x8a,0xa8,0xb4,0x1e,0x0a,0xd0,0x7e,0x12,0x24,0x3c,
    0x38,0x1a,0x0e,0xa5,0x22,0x60,0xcd,0x04,0x34,0x00,0x02,0xe8,0x59,0xa8,0x45,0xc2,
    0x43,0x23,0x07,0x24,0xa0,0x3e,0xd8,0xc4,0xc0,0x15,0x7b,0xa3,0xc4,0x4b,0xdd,0x2c,
    0x01,0xa4,0x7c,0xc0,0x8d,0x28,0x40,0x81,0x0a,0x60,0x20,0x03,0x38,0xcd,0x69,0x06,
    0x2c,0x40,0x53,0x0a,0xd0,0x28,0x9c,0x09,0x60,0xa2,0xb2,0x1c,0x96,0xcc,0xd8,0x2c,
    0x53,0x01,0x0d,0x32,0x53,0x83,0x08,0x70,0x39,0x03,0x1c,0xc0,0xa9,0x07,0x78,0x6a,
    0x8f,0x9a,0xb4,0x54,0x12,0x05,0xd3,0x00,0x16,0x12,0x28,0x6d,0xee,0xb5,0xa0,0xbd,
    0xa1,0x68,0xa9,0x29,0xe2,0xa1,0x89,0x04,0x65,0xa7,0x08,0xa5,0xc8,0xab,0xf9,0xe3,
    0xcd,0x32,0x19,0x10,0xc2,0x57,0xe9,0xeb,0xad,0x6f,0x75,0x2b,0x15,0xb3,0xca,0xd2,
    0x31,0x69,0x31,0x6a,0xf2,0x82,0x80,0x19,0x63,0x13,0x45,0x11,0xe2,0x15,0x3f,0x76,
    0x4a,0x40,0x06,0x04,0xa9,0x1b,0x2a,0x61,0xa0,0x5a,0x42,0xfd,0xab,0xb9,0x0e,0xa8,
    0x9b,0xed,0x00,0x8b,0xa9,0x8a,0xbd,0x8f,0x13,0x8b,0x5a,0x9b,0x72,0xad,0x31,0x6a,
    0x8f,0x9a,0x95,0x56,0x77,0x63,0xbe,0x4d,0x46,0x8d,0x58,0xeb,0xda,0x2c,0x6f,0x2a,
    0xd5,0xa5,0xc4,0x9e,0xab,0xad,0x0b,0xa8,0x4e,0x3d,0x77,0x43,0xa9,0x5f,0xd5,0x47,
    0x4d,0xf1,0xd2,0xd8,0xbc,0x66,0xb5,0xda,0xde,0xd7,0xb4,0xa7,0x02,0xd6,0x4c,0xd1,
    0xb5,0x64,0x6b,0x80,0x36,0x89,0x36,0x38,0x2f,0xca,0x40,0x04,0xca,0xf4,0x27,0xab,
    0x72,0x49,0x50,0x98,0x02,0x00,0x02,0x1e,0x70,0xcb,0xdf,0x0a,0x07,0x3e,0x1b,0xe0,
    0x28,0x60,0xd5,0x48,0xa2,0xb7,0xa2,0xa8,0x98,0x6b,0x72,0xc0,0x39,0xed,0xd9,0x5a,
    0x17,0x29,0x29,0x01,0x72,0xa4,0xaa,0x47,0xa3,0x24,0x90,0x48,0xdd,0x53,0x20,0xde,
    0x19,0x08,0x07,0x2e,0xf0,0xcd,0x06,0x24,0x20,0xaa,0x51,0xf5,0x68,0x39,0xd3,0xa3,
    0x5e,0xe7,0x2e,0x87,0x90,0x05,0xe1,0x80,0x4e,0x45,0xba,0x1e,0x5e,0x9e,0xf7,0x20,
    0xfc,0x24,0x90,0x41,0xa0,0x49,0xd8,0xff,0x6e,0x48,0xa2,0xf6,0x35,0xb0,0x82,0x17,
    0xcc,0xe0,0x06,0x3b,0xf8,0xc1,0x10,0x8e,0xb0,0x84,0x27,0x4c,0xe1,0x0a,0x5b,0xf8,
    0xc2,0x18,0xce,0xb0,0x86,0x37,0xcc,0xe1,0x0e,0x7b,0xf8,0xc3,0x20,0x0e,0xb1,0x88,
    0x47,0x4c,0xe2,0x12,0x9b,0xf8,0xc4,0x28,0x4e,0xb1,0x8a,0x57,0xcc,0xe2,0x16,0xbb,
    0xf8,0xc5,0x30,0x8e,0xb1,0x8c,0x67,0x4c,0xe3,0x1a,0xdb,0xf8,0xc6,0x38,0xce,0xb1,
    0x8e,0x77,0xcc,0xe3,0x1e,0xfb,0xf8,0xc7,0x40,0x0e,0xb2,0x90,0x87,0x4c,0xe4,0x22,
    0x1b,0xf9,0xc8,0x48,0x4e,0xb2,0x92,0x97,0xcc,0xe4,0x26,0x3b,0xf9,0xc9,0x0e,0x09,
    0x08,0x00,0x3b,

};

const lv_image_dsc_t ag_idle = {
  .header = {
    .magic = LV_IMAGE_HEADER_MAGIC,
    .cf = LV_COLOR_FORMAT_RAW,
    .flags = 0,
    .w = 0,
    .h = 0,
    .stride = 0,
    .reserved_2 = 0,
  },
  .data_size = sizeof(ag_idle_map),
  .data = ag_idle_map,
  .reserved = NULL,
};

